,0,1,2,3,4
0,0001,アイデンティティ管理,あいでんてぃてぃかんり,Identity Management,"アイデンティティ管理とは、IDやパスワードなどのユーザアカウントを一元的に管理するシステムや技術のこと。 同義語：ID管理

管理するユーザ情報には、ID、パスワード、ユーザプロファイル、プロファイルに基づくアクセス権限などが対象となる。

旧来のアイデンティティ管理では、端末やシステム、ネットワークごとにログイン用のID、パスワードだけを単純に手作業で管理していたが、所属や職責、雇用形態などのユーザプロファイルによって、閲覧、変更などの細かいアクセス権限や有効期間などを効率的に管理するために統合的なアイデンティティ管理が発展してきた。

セキュリティ面では、情報漏洩などにおいて、外部からの不正侵入に対して、正規のID、パスワードを利用した内部からのデータ持ち出しが圧倒的に多いといわる。
この点において、退職者や契約社員、アルバイトなどに付与されたIDが、有効なまま削除されず、放置されていることが指摘されている。

IDのライフサイクル管理については、特権IDといわれる管理者用IDは、データへのアクセスなど、ほぼ制限がないため、近年その管理が重要視されている。

また、ユーザの利便性では、シングルサインオンなどの仕組みも普及している。"
1,0002,アクセス解析,あくせすかいせき,Traffic Analysis,"アクセス解析とは、WEBサイト（ウェブページ）への利用者（ユーザ）の訪問履歴（アクセスログ）を解析すること。または、分析をするツールのことを指す。

訪問者数（アクセスユーザ数）、閲覧ページ数（ページビュー：PV）、ユニークユーザ数（UU）などのサイトアクセスに関する情報を記録・集計し、どのようなユーザが訪問し、どのページを閲覧しているか、また、どのようなキーワードで流入しているかを把握したり、また、ページ毎に各指標の増減など、時系列の推移から、アクセス状況の変化や傾向を分析することでサイト改善に活用する。

問合せや資料請求、商品購入などのゴール設定に対して、ユーザのサイト内の行動履歴、経路分析などの結果から、実施した施策や改善策の効果検証なども可能となる。

アクセス解析ツールは、Google Analyticsなどの無料ツール、モバイルとの連携を重視するもの、ページの中のクリック率の分布が可視化されるヒートマップなどの機能を提供するもの、また、ユーザのIPアドレスから訪問企業名を判別するものなど、多様な製品が提供されている。"
2,0003,アドイン,あどいん,Add-in,"アドインとは、ソフトウェアへ機能を追加するプログラム、またその手続きの事を指す。
同義語：アドオン

多くの場合、ソフトウェアの標準機能に対して、一部のユーザだけが必要とするような機能やデザインや使い勝手など、個々人の好みに合わせてカスタマイズするなどの機能拡張を目的としている。

後からアドインによる機能追加を前提として設計されているソフトウェアに、そのソフトウェア専用に開発されたアドインを追加することができる。

アドインは、ソフトウェアベンダだけではなく、その仕様が公開されている場合、一般の開発者が作成することもできる。個人が開発したアドインが公開・配布されることも多い。

身近なソフトウェアではWebブラウザのツールバーに検索窓を追加するアドインなどがある。
また、画像処理ソフトでは画像に特殊効果を与えるフィルタなどが、アドインとして提供されることがある。FlashやJavaなどのブラウザの「プラグイン」もアドインの一種。

多くのユーザが利用するエクセルにもアドイン機能が用意されている。実は、初期設定では有効になっていない標準のアドインがある。オプション設定を有効にすることで、相関分析や回帰分析などの統計関数やラベル印刷用のウィザードなどを追加できる。

参考：開発ツールの製品を比較したい方はこちら"
3,0004,アドオン,あどおん,Add-on,"アドオンとは、ソフトウェアへ新たな機能を追加するためのプログラム、また、その手続きの事を指す。同義語：アドイン

機能拡張のためソフトウェアが予めアドオンを前提として設計されている必要がある。
ソフトウェアを提供する側から見た場合、アドオンにより、標準機能を絞り込むことができ、
また個々のユーザのニーズに対しては、アドオンで対応することができるので、ソフトウェアをシンプルな構成にできる。

ChromeやFirefoxなどのWebブラウザのアドオンは、多くのユーザに利用されている。
これらは、開発者向けの開発ツールや開発方法などが公開されているため、サードパーティや一般の開発者から多くのアドオンが提供されている。

追加される機能も多岐にわたり、ブラウザの動作や表示を変更するものから、画面のキャプチャ機能、SNSやDropbox、EvernoteなどのWebサービスとの連携機能などがある。

FlashやJava、QuickTimeなど、Webブラウザ上でマルチメディアコンテンツを表示するための「プラグイン」も機能を追加・補完するためのアドオンの一種。

参考：開発ツールの製品を比較したい方はこちら"
4,0005,アンケートシステム,あんけーとしすてむ,Questionnaire System,"手動で行われてきたアンケートの集計・解析を自動化したシステムのこと。
システム化により膨大に時間がかかっていた回答集計、集計データの分析を短時間で行うことができる。

HTMLなどの専門知識がなくてもアンケートの作成・管理が可能で、顧客への満足度アンケートや従業員への社内アンケートなどで利用される。

BIツールなどを用いた分析へのニーズが高まっている。"
5,0006,安否確認システム,あんぴかくにんしすてむ,Safety Check System,"安否確認システムとは災害時に社員や家族の安否状況を確認するためのシステムのこと。災害時の緊急連絡網としても機能することが期待されている。

一斉メール配信、状況集計、掲示板などの機能があり、送信代行や専用サイトの運用などをサービスとして、提供する場合もある。大規模災害時には、一般電話をはじめとする音声通話はつながりにくくなるため、そのような状況に比較的に強いとされる通信回線を利用する仕組みが提供される。

特に、日本近海で4枚のプレートが複雑に重なり合う日本は、世界有数の地震国(*1)である。阪神淡路大震災、東日本大震災、熊本地震と大きな震災を経験している。今後高い確率で発生が予想されている南海トラフ沖を震源とする巨大地震は、首都圏を含む、さらに広い地域で大きな被害が想定されている。

東京都では平成25年4月から「従業員との連絡手段の確保など事前準備」を求める条例が事業者に対して発行された。企業の経営視点においては、業務遂行能力や生産継続など、災害時の事業継続性を高めることが、災害復旧に対する社会的責任（CSR）が求められ、事業継続計画（BCP）対策とともに安否確認システムの重要性、必要性は継続的に高まっているといえる。

*1:地震発生頻度は年平均1.14回で世界第4位（1980-2000 第1位は中国2.1回）社会実情データ図録より"
6,0007,暗号化,あんごうか,Encryption,"暗号化とは、デジタルデータを、第三者に解読できない状態に変換すること。
一定の規則（アルゴリズム）に従ってデータを変換することで、この規則を知らない第三者には意味不明の文字列となったり、読み取り不可能なデータ（暗号文）となる。また、暗号文を再変換し、元の判読できる状態（平文）にすることを「復号化」という。

暗号は紀元前3000年頃のバビロニア時代から使われ、日本でも戦国武将の上杉謙信が暗号を使っていた。暗号技術は戦争によって、解読技術とともに進化してきた。初期のコンピュータは戦時中に敵国の暗号を解読するために開発されたといわれている。

暗号化に用いられる「一定の規則（変換アルゴリズム：変換ルール）」を「鍵」といい、暗号化の方式は、「共通鍵暗号方式」と「公開鍵暗号方式」に大別される。

【共通鍵暗号方式】
対象鍵暗号方式ともいい、暗号化と復号化に同じ「鍵」を使う方式。

【公開鍵暗号方式】
非対称鍵暗号方式ともいい、暗号化と復号化にそれぞれ異なる一対の「鍵」を使う方式。
共通鍵暗号方式の問題点である「鍵」の受渡し時に第三者に傍受されるリスクを解決するために考案された。
情報の受信者が、暗号化するための「鍵」を公開し（公開鍵）、送信者は、「公開鍵」で暗号化した情報を送信する。復号化する「鍵」は、受信者だけが持つ「秘密鍵」とすることで、「秘密鍵」は、通信などによる受渡しが不要となった。

PKI（公開鍵基盤）は、この暗号化技術を利用した認証の仕組み。

「鍵」の生成には「素因数分解」などの数値が用いられ、桁数を増やすことで可能な「鍵」の組合せ数が多くなり、解読を困難にできる。このデータ量の多さを「鍵長」といい、1024bit、2048bitなどのビット数で表す。"
7,0008,インシデント,いんしでんと,Incident,"一般的には出来事、事象、事故を意味する英単語だが、情報セキュリティ分野ではコンピュータやネットワークのセキュリティを脅かす事象を意味する。
セキュリティインシデントとも呼ばれることがある。

インシデントの例として不正アクセス、Webサイトの改ざん、Dos攻撃が挙げられる。"
8,0009,インジェクション攻撃,いんじぇくしょんこうげき,Injection Attack,"インジェクション攻撃とは<サイバー攻撃の一種で、文字入力を受け付けるプログラムに対して攻撃者がスクリプト文を送って想定外の動きをさせたり、システムを抜き取ったりする攻撃のこと。

インジェクション攻撃の中でも有名なのは、入力フォームがあるサーバへの攻撃で、不正なSQL文を入力され情報が抜き取られてしまう「SQLインジェクション」がある。"
9,0010,インフラ,いんふら,Infrastructure,"インフラストラクチャの略語。
社会的な基盤を形成するものの総称である用語から転じて、ITを使ってシステムを有効に機能させるために基盤となるハードウェア・サーバ等の事を言う。

インフラを自前で所有せず、クラウド上に用意されているサーバやストレージなどのハードウェアインフラを利用時間などに応じた従量課金制の料金を支払うことで利用するIaaS（HaaS）などのインフラ調達方法もある。"
10,0011,インベントリ,いんべんとり,Inventory,"インベントリとは、元々「目録」「保有資産」といった意味のinventoryが語源となっており、 LAN上のクライアントPCや接続機器が持つデータを一覧にしたものを指す。

「IT資産管理」などの管理システムでは、ソフトウェアやPC、サーバ、ストレージなどのハードウェアやルータやスイッチなどのネットワーク機器、その他ネットワークに接続されている周辺機器のインベントリ情報を自動収集し、資産情報として管理をすることができる。

取得するインベントリ情報は、機器の機種、MACアドレス、IPアドレス、CPUの型番やメモリ、ハードディスク容量、利用履歴など、多くの情報を収集、管理する。"
11,0012,イーサネット,いーさねっと,Ethernet ,"コンピュータのネットワーク規格の1種。
家庭やオフィスで構築されているローカルエリアネットワーク（LAN）のほとんどが、イーサネットを利用している。

米国電気電子技術者協会（IEEE アイ・トリプル・イー）により、仕様が標準化されている。
標準規格名：IEEE 802.3

初期には同軸ケーブルが利用されていたが、扱い易いUTP（より線）ケーブルが採用されたIEEE 802.3i（10BASE-T）により、広く普及した。
伝送速度や伝送距離、ケーブルの種類により、多くの仕様が規定されている。

【代表的な規格】
　10BASE-T（通信速度：10Mbps、伝送距離：100m）LANで最も利用されている
　100BASE-T（通信速度：100Mbps、伝送距離：100m）Fast Ethernet
　1000BASE-T（通信速度：1,000Mbps、伝送距離：100m）Gigabit Ethernet
　100GBASE-R（通信速度：100Gbps）光ファイバーを利用する最新規格

イーサネット規格を拡張して、長距離伝送を可能にした広域イーサネットにより、複数拠点のLANをつなぐワイドエリアネットワーク（WAN）を構築することもできる。"
12,0013,ウィルス対策,うぃるすたいさく,Anti-Virus ,"ウイルス対策とは、コンピュータへのコンピュータウイルスの感染を防ぐ事を言う。
ウイルスの検知、除去をしてくれるアンチウイルスソフトウェアなどを利用して対策する。

コンピュータウイルスは、コンピュータにが正常に作動する事を妨げたりデータを破壊するなどの目的で作成されたプログラムを指し、ウイルスがパソコン上に自動的にコピーされる事を感染という。

コンピュータへの感染経路では、メールの添付ファイルからの感染が現在最も多い。
代表的なウイルスには、トロイの木馬型（不正なプログラムが隠れているアプリケーション）、ワーム型（宿主ファイルが不要な自立・自己増殖型）、ボット型（複合型、PC乗っ取りなどにより、DDoS攻撃に利用されることも）などがあり、中にはソースコードが公開され、多くの変形・亜種が生み出されている。

アンチウイルスソフト（ウイルス対策ソフト）は、ウイルス判定するための定義ファイル（パターンファイル）を持ち、ウイルスに特徴的なパターンを検知して、駆除する。次々と新種のウイルスが生み出されているため、定義ファイルも常に最新の状態に更新しておく必要がある。ウイルス対策を講じていても、定義ファイルの更新を怠ると対策は無意味となってしまう。

近年では、未知のウイルス（定義ファイルにない）を検知するため、挙動不審なウイルスを予測検知する「ヒューリスティック機能」を持つウイルス対策製品も登場している。"
13,0014,ウォームスタンバイ,うぉーむすたんばい,Warm Standby,"コンピュータシステムにおいて、サーバやネットワーク機器を冗長化した予備システムへの切り替え方式のひとつ。
切り替え時間の早さが違う「ホットスタンバイ」「コールドスタンバイ」がある。

ウォームスタンバイでは、予備サーバ（セカンダリサーバ）は、OSが起動状態で待機する。
本番サーバ（プライマリサーバ）で稼働しているアプリケーションは稼働していないため、アプリケーションも稼働させているホットスタンバイと比較すると切り替えに時間を要す。

データベースシステムでは、一定間間隔で非同期のデータバックアップをとる方式をホットスタンバイとしている。

関連用語：冗長性、クラスタリング、フェイルオーバー"
14,0015,受付システム,うけつけしすてむ,Acceptance System,"受付システムとは自動音声やタッチパネルなどにより、無人で訪問者対応を行うシステムのことを意味する。

企業向けのシステムでは内線電話での取次、サービス業などの店舗向けのシステムでは整理券発行などの機能がある。

受付システムを導入することによって人間が行っていたことを機械化することによる効率化、コスト削減ができる。特に店舗への訪問者にとっては待ち時間を他の用事に充てられるといったメリットがある。"
15,0016,エクサバイト,えくさばいと,Exa Byte,"情報量を表す単位のひとつ。EBと略記される。
ハードディスクやストレージなどの容量を表す際に使う。
データ量を表す単位は小さい順に下記の通り。
　・ビット（Bit）
　・バイト（Byte）
　・キロバイト（KB）
　・メガバイト（KB）
　・ギガバイト（GB）
　・テラバイト（TB）
　・ペタバイト（PB）
　・エクサバイト（EB）

1エクサバイトを単位変換すると…。
　・100京バイト
　・1,000兆キロバイト
　・1兆メガバイト
　・10億>ギガバイト
　・100万テラバイト
　・1,000ペタバイト

これまでに人類が話した言葉のすべてを換算すると5エクサバイト。
2011年に全世界で生成、複製、保存された情報は1,800エクサバイト。
地球上のすべての砂浜の砂粒も1,800エクサバイト。"
16,0017,エンタープライズサーチ,えんたーぷらいずさーち,Enterprise Search,"エンタープライズサーチとは、企業内向けの検索エンジンのことである。
社会のIT化が進み、企業内の様々なデジタルデータが爆発的に増え続ける昨今において、社内情報の管理は非常に重要な要素である。

そこで、社内にある膨大な情報が埋没するのを防ぎ、効率よく必要な情報を取得することができるよう、社内情報をインターネットの検索エンジン同様に検索することが出来るエンタープライズサーチに注目が集まっている。

社内情報を一元管理し、それらの情報をネットワークやアプリケーションに関わらず検索し、目的の情報を得ることが可能である。「文書管理」や「ナレッジマネジメント」などのシステムに検索エンジンが組み込まれることも多い。

2005年4月、googleが「Google 検索アプライアンス」を発表した事を契機に急速に広まり、現在ではAutonomy社やConvera社、Verity社、Fast社が自社の検索エンジンを展開している。

▼こちらで詳しく解説！
参考記事：エンタープライズサーチとは？機能やメリットをご紹介！"
17,0018,オブジェクト指向,おぶじぇくとしこう,Object Oriented ,"オブジェクト指向とは、ソフトウェアの開発における考え方の一つ。
Javaなどのプログラミング言語の普及とともに一般化されてきた。Javaはオブジェクト指向プログラミング言語であり、Javaの他にも、C#、C++、Visual Basic .NETなど、近年のソフトウェア開発現場で使われている多くのプログラミング言語が、オブジェクト指向言語となっている。

「オブジェクト」とは、データとそのデータに対する手続き（操作）をカプセル化したもので、独立した複数の「オブジェクト」を組合せてプログラミングしていく。それまでにあった「構造化プログラミング」や「モジュールプログラミング」などを発展させた考え方である。

英語表記の「Object Oriented」は「対象物指向」「目的指向」と訳され、ソフトウェアの設計開発で、操作の手順よりも操作対象自体にポイントを置く考え方とされる。カプセル化されたオブジェクトの中身（データ構造や手続き）を気にすることなく、ソフトウェアを組み立てる考え方である。

「オブジェクト」とは汎用的で再利用可能な部品のようなものであり、仕様変更などに対応しやすくなるメリットがある。

オーディオプーイヤーに例えれば、メモリやバッテリーなどの部品や信号処理のパーツなど、多くの部品を組合せて構成されているが、各部品の構造やデータ圧縮方式などの中身を気にすることなく製品を組立てることに似ており、部品を組み換えることで異なる処理や製品を構成することもできる。

プログラムをデータと手続きをセットにした汎用的な部品（オブジェクト）とすることが大規模なソフトウェア開発において有効な手法となっている。"
18,0019,オンデマンド,おんでまんど,On Demand,"オンデマンドとは、ユーザの要求があった際に、その要求に応じてサービスを提供する事を言う。ブラウザなどを通じてユーザのリクエストに応じて、テキストや画像などのコンテンツを配信しているインターネット上の多くのデータ配信は、オンデマンド方式といえる。

オンデマンドであることをアピールしているインターネットサービスには、ゲームやeラーニング、動画配信などがあげられる。決められたスケジュールで配信されるインターネット放送は、インターネットでもオンデマンドではない。

また、映像データをダウンロードして試聴する方式もオンデマンドとはいえず、一般的にはデータが端末に保存されないストリーミング方式で配信される。

参考：【2023年版】おすすめの動画配信システム！選び方や仕組みも解説
ストリーミングサーバとは？Webサーバとの違いや構築方法を解説！"
19,0020,オンラインストレージ,おんらいんすとれーじ,Online Storage,"オンラインストレージとはインターネット上（データセンターなど）でデータ保管用のストレージを提供するサービスのことです。

自社でストレージを所有する場合と比べて、データ量の増減に合わせて柔軟に必要なストレージ容量を確保、調整できるメリットがあります。

無料で借りることができるサービスもあり、無料の場合は使用時に広告が表示されることが多くあります。"
20,0021,オープンシステム,おーぷんしすてむ,Open System,"公開（オープン）されている仕様に準拠したソフトウェアやハードウェアを利用することで異なるベンダの製品を組合せて構築されたシステムのこと。
基本的にオープンソースであるUNIXやLinuxをベースに組まれたシステムが該当する。

メインフレームなどの独自仕様（プロプライエタリ）のコンピュータをベースに単独のベンダで構築された「レガシーシステム」に対して「オープンシステム」という場合、複数ベンダの製品を組合せるWindows系のシステムもUNIX系と同じくオープン系に括られることがあるが、マイクロソフト社の独自仕様であるWindows系システムはオープンシステムとはいえない。

単独のベンダによって構築されたシステムに対して、オープンシステムは信頼性の面で不安視されることはあるものの、同じ性能を低コストで実現できるメリットがある。

"
21,0022,オープンソース,おーぷんそーす,Open Source,"オープンソースとは、ソフトウェアを構成しているプログラム「ソースコード」を、無償で一般公開すること。そうすることで誰でもそのソフトウェアの改良や再配布が行なえるようになる。これは、世界中の有志のプログラマにより、継続的に改良され続けるソフトウェア開発方式と捉えることもできる。

サーバOSとして、多くのユーザに利用されているLinuxは、オープンソースの代表的な例のひとつであり、改良され、パッケージ化された多くの製品が再配布されている。

オープンソースは、誰でもそのソフトを改良し、再配布することができるので、企業がオープンソースをベースに改良した自社のソースコードを公開する場合、ライセンス料として使用料金を取るケースもある。上記のLinuxの場合も提供される際に有償化されることが多い。

参考：開発ツールの製品を比較したい方はこちら"
22,0023,カスタマー・リレーションシップ・マネジメント,かすたまー・りれーしょんしっぷ・まねじめんと,Customer Relationship Management ,"カスタマー・リレーションシップ・マネジメントとは、顧客を個客としてみて継続的な取引を目的とした顧客中心主義の経営マネジメント、またはマーケティング手法のこと。

インターネットの普及とIT技術の成果により、すべてのやり取りの一元管理が可能になり、顧客と１対１の関係から、満足度・安心度向上と収益性を築く。一般的にはCRMと呼ばれており、CRMを導入することで、企業と顧客双方がメリットを得られる。 "
23,0024,カラーバーコード,からーばーこー,olor barcode,"カラーバーコードとは、色を利用した非接触型の画像解析技術の1つである。

黒い下地に赤や黄色といった色を点で配列させることで情報を表示できる仕組みとなっている。カメラを通すと、それぞれの点は色という情報を持てるため、白黒のバーコードよりも多くの情報を盛り込むことができる。

読み取りはカメラやパソコンで行えるため、ICタグのように専用の機器を新たに導入することなく取り入れることができ、経費削減や省スペースにもつながると考えられている。

カラーコードは色が判別できれば良いため、平面でないものや、コード自体のデザイン化がQRコードに比べて容易なため、看板や衣服等での活用が可能という点にある。

現在は在庫管理システムや入退室システム等で活用されており、今後さらに幅広い分野での応用に期待されている。"
24,0025,会計ソフト,かいけいそふと,Accounting Software,"会計ソフトとは、企業のIT化に伴い、手書きの帳簿からエクセルなどの表計算ソフトを利用した管理を経て、会計情報を効率的に把握、一元管理するための専用の業務ソフトウェア。

会計ソフトを導入することで経理や会計等の業務工数を大幅に削減することが可能になる。
具体的には、帳簿への記帳では、勘定科目や仕訳などの簿記の知識不足を補助したり、決算書や申告書などを効率的に作成できる。

製品は非常に幅広く、フリーウェアを含むパソコンにインストールして利用する小規模向けの製品から、クライアント・サーバシステムで多機能かつ、複数の担当者が同時に作業できる製品まである。ERPなどの大規模な基幹業務システムでも会計機能を持つが、一般にはERPパッケージ製品を会計ソフトと区分することが多い。"
25,0026,可用性,かようせい,Availability,"使える、有用であるという意味からIT用語では、継続稼働ができることを指し、「高い可用性を有す＝高可用性」（ハイアベイラビリティ：HA◯◯）と表現され、壊れにくい、復旧が早いなど耐障害性に強い、信頼性の高いシステムに使われる。

可用性を高める仕組みとして、システムを二重化して予備システムを準備することで冗長性を高めたり、予備システムへの切り替え（フェイルオーバー）やデータのリストア時間を短縮することで実現する。

実際のシステム構築においては、ハードウェアを二重化し、ソフトウェアによりクラスタリング構成とする手法などがとられる。

事業継続計画（BCP）や災害対策（ディザスタリカバリ）など、経営上のリスクを最小限にコントロールするため、可用性が重要視されている。"
26,0027,開発ツール,かいはつつーる,Application Development Tool ,"開発ツールとは、ソフトウェアを開発する際にプログラミングやアプリケーション等の開発を手助けするツールのこと。一言に開発ツールといっても目的に合わせて様々なツールを組み合わせて使用する事が基本となっている。
代表的なものとしてはコードを補完するツールやWEBアプリケーションの動作を管理するものが挙げられる。"
27,0028,キッティング,きってぃんぐ,Kitting,"パソコンなどの導入時に実施するセットアップ作業のこと。

必要なアプリケーションのインストールや社内ネットワークへの接続など、ユーザがすぐに利用できる状態にすること。パソコンの新規導入時の初期設定だけではなく、PC入替え、WindowsなどのOSの移行時にもデータ移行も含めて同様の設定作業が必要となる。単純作業ではあるが、毎年春の新入社員の受け入れ準備などで数十台、数百台規模で実施することになる。手作業で同じ作業を繰り返すことの作業者負担は非常に大きく、多くの企業で課題となっている。

作業時間は条件によって異なるため、一概にはいえないが、一般的なWindowsPCで1台数時間を要すといわれる。仮に1台3時間の設定時間がかかるPC100台を一人の作業者がキッティング作業をすると、合計300時間を要すことになる。一日8時間労働で37.5日、一日2時間残業してもらっても30日、約一月半もかかる膨大な作業となる。PC側の処理待ち時間に同時並行で作業することもできるが、それでも限界がある。

そこで、キッティングの自動化ツールやキッティングを含むPCの調達から導入、廃棄までを支援するLCMサービスがITベンダ各社より提供されている。IT資産管理などの機能も併せ持つ管理ツールの提供やIT資産のライフサイクル管理全般をサポートするサービスなどがある。

特に専任の情報システム担当者がいない企業やシステム開発の担当者がキッティング作業をせざるを得ないようなケースでは、このような自動化ツールやLCMサービスを利用することで、本来の業務に集中してもらうことができるというメリットがある。


キッティング代行サービスをお探しの場合はこちら"
28,0029,ギガバイト,ぎがばいと,Giga Byte,"情報量を表す単位のひとつ。GBと略記される。
「ギガ」は、ギリシャ語の「巨人」(gigas)が語源。
ハードディスクやストレージなどの容量を表す際に使う。
データ量を表す単位は小さい順に下記の通り。
　・ビット（Bit）
　・バイト（Byte）
　・キロバイト（KB）
　・メガバイト（KB）
　・ギガバイト（GB）
　・テラバイト（TB）
　・ペタバイト（PB）
　・エクサバイト（EB）

1ギガバイトを単位変換すると…。
　・10億バイト
　・100万キロバイト
　・1,000メガバイト
　・0.001テラバイト

新聞に換算すると約8年分
広辞苑に換算すると3冊分

デジタル情報の最小単位はビット（bit）
1ビットに記録できる情報は、1か0のどちらか。

1バイト（byte）は、8ビット（bit）
半角1文字は、1バイト。全角1文字は2バイト。"
29,0030,勤怠管理システム,きんたいかんりしすてむ,Attendance Management,"勤怠管理システムとは、社員の出退勤の時間を管理するシステム。
これにより、勤務時間や残業時間、欠勤の管理などを行うことができる。

入力されたデータに基づき、欠勤や休暇、給与などの計算を自動的に行う。

勤怠をExcelなどを使って手入力で管理することもあるが、報告内容が個人に委ねられてしまうなど、データ集計に時間がかかるなど従業員数がそのまま管理部の負担になるため、従業員数が多い大企業においては、導入されていることが多い。

ICカードや生体認証システムを用いて入退室管理システムと併用することによって、社員の勤務時間等の入力や報告の手間を省きつつ、正確な勤怠管理が可能となる。

また、クラウド型サービスを導入することによって、遠隔地にある支社などの勤怠も本社で一元的に管理することも可能。

◆勤怠管理システムについてもっと知りたい方はこちら
　勤怠管理システム定番製品を比較！【2021年版】人気ランキング１位は？
　勤怠管理システム導入による7つのメリットを紹介！"
30,0031,給与システム,きゅうよしすてむ,Payroll System,"給与システムとは、給与の情報を管理するシステムのこと。
給与計算実務をデータ入力し、毎月の給与計算から年末実務、税金や控除、不定期なものまで処理する。 "
31,0032,クエリ,くえり,くえりー ,"データベース管理システムに対する問合せ（処理要求）のこと。

データの抽出や更新などの処理要求を文字列で表す。処理対象のテーブルやデータの抽出条件、並べ方などを指定する。

対象となるデータベースの種類・仕様によって、クエリも複数の種類がある。
リレーショナルデータベース（RDB）ではSQLを使って記述する。XMLデータベースではXQueryが利用される。

「検索クエリ」は、上記のような記述方法の区分ではなく、データを検索したい時に検索条件を記述したクエリのこと。

Googleなどの検索サイトでユーザが検索のために検索窓に入力するキーワードも検索クエリといわれる。ユーザは意識せずに巨大なデータベースに問合せをしているわけである。

参考：データベースソフトをお探しの方はこちら　データベースソフトとは？メリットや選び方、人気製品を比較"
32,0033,クライアント仮想化,くらいあんとかそうか,Client Virtualization,"クライアントPCを仮想化すること。「デスクトップ仮想化」と同義語。

パソコンのCPU、ハードディスク、メモリなどのハードウェアとソフトウェアをサーバ側でユーザごとに仮想マシンとして提供する仕組み。

サーバやストレージなどのシステムインフラは、無駄が発生しないように効率的な運用管理が行われている。

一方、クライアントPCは、性能向上、容量増大などが著しく進む中、1人1台のPCが、入れ替えられながら配布され続けている。その結果、クライアントPC環境全体をみた場合、CPU、ハードディスク、メモリーなどのトータルの稼働率は非常に低くなっていると指摘されている。

「クライアント仮想化」により、古いPCを入れ替えることなく、効率的な運用管理を実施することで、無駄を排除したクライアントPC環境を実現できる。"
33,0034,グループウェア,ぐるーぷうぇあ,Groupware,"グループウェアとは、企業などの組織に所属する人々のコミュニケーションを円滑にし、業務の効率化を推進するためのソフトウェアである。

業務を行う上で、スケジュールや情報などの共有が求められており、共有がうまく行かないと業務自体に支障をきたすことが多い。

グループウェアには「スケジュール管理」、「ファイル」、「設備予約」、「メンバーの連絡先一覧」などスムーズに業務を行うために必要な機能が搭載されており、例えば、個人もしくは全体に対してメールを送信したり、組織に所属する人々のスケジュールを一元的にで管理したり、ファイルや書類データの共有ができる。

現在はWEB上でログインすれば、上記の機能を含めすべての機能が使えるASPやクラウド型のものが一般的である。

参考：グループウェアのおすすめ13選！機能や口コミを比較

"
34,0035,原価管理,げんかかんり,Cost management,"IT製品においては、主に製造業における製造原価、または、システム開発などにおけるプロジェクト原価の管理システムなど、各業種向けに特化した製品を利用することか一般的である。

製造業においては、標準原価と実際原価の差異や仕掛原価、個別原価などの管理、可視化の機能が提供される。
組立加工製造だけではなく、プロセス製造向けの「配合管理」「原料歩留り」「賞味期期限・廃棄管理」などの機能を提供する製品もある。

建設業などにおいては、工事発生基準、進行基準、完成基準など、会計処理に適合した管理が必要となる。

原価管理システムの導入目的は、「原価の見える化」と「コスト削減」であり、そのためにも業種・業態に合った製品を導入する必要がある。

リアルタイムで高い精度で原価を把握、自動計算できることで、管理業務の効率を改善することも可能になる。"
35,0036,形態素解析,けいたいそかいせき,Morphological Analysis,"文章を意味のある最小の単位に分解して、意味や品詞など判別すること。

自然言語をコンピュータで処理する上で、英語は元々文章を単語単位で区切って表記するのに対して、日本語では単語単位で区切らず、複雑な組合せや同音異義など、非常に
難しい言語であったが、日本語変換ソフトなどに組み込まれ、ブラッシュアップされることで、その精度を向上させてきた。

テキストマイニングなどの分析ツールにも組込まれ、長文などの複雑な文章構造も高い精度で解析できるようになってきた。"
36,0037,検疫ネットワーク,けんえきねっとわーく,Quarantine　Network,"検疫ネットワークとは社内のネットワークに接続するパソコンを検査するセキュリティツールのこと。
外部からのパソコンの持込みが多い環境で利用されるウィルス対策の一種。

空港など行われる検疫検査に似ていることからこの名前がついたとされる。"
37,0038,コロケーション,ころけーしょん,Collocation ,"コロケーションとは、ネットワークへの常時接続環境のもとに、サーバや回線接続装置などを共同の場所に設置する事を言う。ユーザが構築した、サーバを預かって管理保守していくサービスの事を、コロケーションサービスや、ハウジングサービスという。 

▼こちらで詳しく解説！
参考記事：コロケーションとは？データセンターのサービス紹介とともに解説！"
38,0039,コンテンツマネジメントシステム,こんてんつまねじめんとしすてむ,Content Management System,コンテンツマネジメントシステムとは、テキストデータやWebサイトなどのデザインやルールなどの情報をデータベースに一元管理・保存し、新しくWebページを作成する際に、条件にそって配信をするシステムやソフトウェアの総称。コンテンツマネジメントシステムを導入することでHTMLのデザインやコードを意識することなく、簡単にサイトコンテンツの変更・管理ができる。 
39,0040,コンフィグレーション,こんふぃぐれーしょん,Configuration,"「コンフィグレーション（configuration）」は「設定」の意味。
コンフィギュレーションも同じ。
IT用語では、コンピュータ・サーバ・ネットワーク機器、または、OS・ソフトウェアなどの設定を指す。

法人向けに多くの機器の設定情報を統合管理する「コンフィグ管理システム」などがある。
コンフィグレーションファイルを自動収集などの機能により、変更履歴などを効率的に管理することが可能になる。
メリットとして、管理者の負担を低減し、人為的な設定ミスなどを回避することが期待できる。ASPサービスとして提供される場合もある。"
40,0041,コールセンター,こーるせんたー,Call Center ,コールセンターとは、顧客に対して電話を使ってサポート業務を提供する場所、集団を指す。テレマーケティング会社が持ち合わせている場合が多いが、企業規模が大きい会社では自社内で持ち合わせている。コールセンターにもクレーム対応・お客様相談室等で用いられるインバウンド型、営業代行やマーケティングリサーチ等で用いられるアウトバウンド型の二種類がある。コールセンター以外に「コンタクトセンター」「サポートセンター」とも呼ばれる。 
41,0042,サプライチェーンマネジメント,さぷらいちぇーんまねじめんと,Supply Chain Management ,"サプライチェーンマネジメントとは、企業の受注から納入までの全行程を、ネットワークを介して一元的に管理するシステム。SCMと略記する。

サプライチェーンマネジメントを導入することで、確実な需要・供給ができ、在庫処分などの生産コストを削減する。また、ネットワークで情報管理することで、より迅速にプロセスをこなし顧客の満足度を維持する。経営管理手法の一つ。 "
42,0043,サーバ,さーば,Server,"サーバとは、ネットワーク上のコンピュータの中で、他のコンピュータ（クライアント）から要求や指示を受け、情報や処理結果を返す役割を持つコンピュータやソフトウェアのこと。
このようなコンピュータシステムをクライアント・サーバシステムという。

サーバを利用することで、WEBページの閲覧やメールのやりとりもサーバの指令により実現している。求められる情報によって多様なサーバが存在する。

用途別にファイルサーバ、データベースサーバ（DBサーバ）、Webサーバ、アプリケーションサーバ、メールサーバ、DNSサーバ、DHCPサーバなどがあり、用途別にオペレーティングシステム（OS）やアプリケーションなどのシステムを構築する。

ハードウェアの形態別にタワー型、ブレード型（ブレードサーバ）、ラックマウント型などがあり、国内では、日本電気、富士通、日立、IBM、Oracle、HP、Dellなどが提供している。

またデータセンターにあるサーバを利用するレンタルサーバやホスティングなどのサービスもある。近年ではサーバ仮想化などの仮想化技術により、IaaS（HaaS）、VPSなどのクラウドサービスとしてサーバを利用する方法もある。

参考：おすすめのクラウドサーバー７選徹底比較！選び方も解説"
43,0044,サービスデスク,さーびすですく,Service Desk,"サービスデスクとはシステムの不具合や、技術サポート（フィールドサービス）など、ユーザーのお問い合わせに対応する窓口を意味する。

ヘルプデスクとほぼ同義ではあるが、契約、その他の管理プロセスと連携するなど、専門性が高い窓口を特に意味することがある。"
44,0045,シングルサインオン,しんぐるさいんおん,Single Sign On,"シングルサインオンとはその名の通り、１回の認証動作で、全てのサインオンを完結させるシステムのことである。

普段、自分の端末でサインオン、ネットワーク接続時にサインオン、クラウドアプリケーション使用時にサインオンと、
何かしらの動作をする時にはほぼユーザー認証を必要とする。
これはセキュリティの観点からすれば推奨される環境ではあるが、同時にユーザーの負担も大きくなる。

この負担を軽減し、１度の認証動作で全てのサインオンができることを、シングルサインオンと呼ぶ。

ただし、シングルサインオンによって認証の数が減ることはすなわち、シングルサインオンのための認証キーが非常に重要な存在となることは意識しておくべきである。
そのため、この認証キーは非常に高度なものであることが多い。
"
45,0046,人事システム,じんじしすてむ,Personnel System,人事システムとは、人事情報を管理するシステム。その管理する内容は「人事管理機能」と「給与を管理する機能」とで構成されており、前者は社員の採用から退社までのデータを一元管理する機能、後者は給与の計算や税金、控除の処理等を行う機能である。 
46,0047,人事給与システム,じんじきゅうよしすてむ,Human resource and Payroll System,"人事給与システムとは、人事制度・人事戦略・給与計算・給与制度など、人事に関わる業務を管理し効率化を図るためのものである。
人事部の多岐に渡る業務をサポートすることが可能である。

IT化が進み日々複雑化する業務環境の中で、業務管理や業務改善、人材管理などをこれまで以上に効率的に行うことが求められている。
そのため、人事部の業務を一貫して管理し、企業が成長するための基盤を作る目的で人事給与システムを導入する企業が増えている。

"
47,0048,冗長性,じょうちょうせい,Redundancy,"余分なもの、余剰がある、重複しているという意味だが、IT用語としては、主に余裕のある状態、二重化など、ポジティブな意味合いで使われることが多い。

データ圧縮などにおいては、効率性の妨げになる余剰分を排除するという場合に本来の余剰、重複の意味で使われることもある。

コンピュータシステムにおいては、耐障害性を高めるためにネットワークを含むシステム全体を二重化して予備システムを準備することを冗長化といい、冗長化によって信頼性、安全性を確保した状態を冗長性があるという。

稼働中のシステムに障害が発生した際に瞬時に予備システムに切り替えることで損失を最小限に抑える「事業継続計画（BCP）」の一貫として構築されることも多く、実際のシステム構築にはクラスタリングなどの考え方により構築される。

さらに大規模な災害対策（ディザスタリカバリ）としては、バックアップデータを遠隔地にするなどの工夫が必要となる。"
48,0049,情報共有,じょうほうきょうゆう,Information Sharing,"情報共有とは、個々の社員のもつ情報を蓄積、共有、活用することを言う。

効率的に情報の蓄積、共有、活用をするために、情報共有システム・ツールを導入する企業が多い。

日々行われている業務を情報共有のシステムへ蓄積することによって、現状の把握や他人の情報や過去の情報資産を活用できる。 


"
49,0050,指紋認証,しもんにんしょう,Fingerprint Authentication,指紋認証とは、手の指にある指紋を使って身分を認識する技術。身体的特質を利用したバイオメトリクスという本人確認技術。指紋などの個人の特性は第三者による代用が困難であるため、セキュリティ強化のため、情報システムへのログインやドアの施錠解錠などの仕組みとして入退室管理システムなどにも採用されている。個人特有の身体的特徴を利用する生体認証としては、この他に「静脈認証」「網膜認証」「虹彩認証」「顔認証」「声紋認証」などがある。
50,0051,社内SNS,しゃないえすえぬえす, Enterprise Social Network,"利用者を社内に限定したSNSのこと。
メール等よりも気軽に情報発信ができ、部署を超えての情報共有やコミュニケーションを促進する目的で利用される場合が多い。

導入後、活用するためには目的を明確にすることが重要と言われている。
顔や名前を知らない同僚同士のつながりを深めるためなのか、CRMなどと連携させて顧客、案件情報を紐付けて活発なディスカッションをしたいのかなど目的によって製品の選定ポイントも変わってくるだろう。"
51,0052,資産管理,しさんかんり,Asset Management,"情報システムにおける資産管理とは、企業内のネットワークに接続されているサーバやPC、プリンタ等やソフトウェアを一元管理する事を言う。また、ネットワークに接続していない情報機器や各PCに導入されているソフトウェア情報、什器、備品等、企業が保有する資産も管理でき、これにより、管理にかかる工数を大幅に削減できる。

会計上では、IT資産に限らず不動産などを含む固定資産や有価証券などの流動資産などを指すことが多い。情報システムでは「IT資産管理システム」と「固定資産管理システム」は別々のパッケージシステムとして提供されている。"
52,0053,スイッチ,すいっち,Switch,スイッチとは、複数のコンピュータを使用している環境で、外部との通信を行う際に特定のデータを送信したポート先にのみパケットを配分する機能を持つ機器。このような情報の交換機能によって、通信量の削減と複数の端末同士の通信が可能となる。 
53,0054,スケールアップ,すけーるあっぷ,Scale Up,"システムのパフォーマンスを向上させるためにサーバのCPUやメモリの増強をすることで
処理能力を高めるアプローチ。「スケールイン」ともいう。

サーバ台数を増やすことで全体の処理能力向上を図るアプローチを「スケールアウト」と
いう。

ERPなどの基幹系システムにおけるデータベースサーバでは、頻度の高いデータ更新が
あるため「スケールアップ」による処理能力向上が適しているといわれる。

「スケールアップ」のデメリットとしては、稼働中のシステムを一時停止しなければ、
対応できず、可用性が損なわれる点があげられる。"
54,0055,ストレージ,すとれーじ,Strage ,ストレージとは、コンピュータ内で扱ったデータやプログラムなどのデジタル情報を保存・記憶する装置やシステム。ストレージを利用することで大容量の保存や長期的な記憶が可能。ハードディスク・フロッピーディスク・CD-R・MOなどがこれにあたる。 
55,0056,ストレージ仮想化,すとれーじかそうか,Storage Virtualization,"分散している複数のストレージを1台のストレージとして利用すること。
ユーザからは、あたかも1台のストレージのように見え、仮想化されていることを意識せずに利用することができる。

ストレージ容量不足に対して、柔軟に効率的にストレージリソースを振分け、提供することができる。また、異なるベンダーの製品を一つに統合することもできる。

ストレージ仮想化により可用性を高め、利用効率向上、運用負荷低減などのメリットがある。
先行して普及したサーバ仮想化による効率化をさらに促進するため、ストレージ仮想化が、検討・導入されるケースが多い。"
56,0057,スパイウェア,すぱいうぇあ,SPYware,スパイウェアとは、ネット上で何かのアプリケーションをインストールする際、ユーザーが気づかないうちに、バックグラウンドで個人情報やコンピュータ情報を収集するソフトウェアの総称。スパイウェアは個人情報や、コンピュータの遠隔操作、ブラウザの設定などを乱用し、ユーザーにとって迷惑行為となる。
57,0058,スパム,すぱむ,Spam,スパムとは、ネット上で公開されているe-mailに、受信者の意図を無視して営利目的のメールを大量に一斉送信するダイレクトメールのこと。スパムメールは受信者にとって削除時間による時間的コストとウィルスのからのシステムインフラの負荷などの影響がある悪質行為である。公共のネット回線に負荷がかかってしまうなど、社会的問題として挙げられる。 
58,0059,スマートデバイス,すまーとでばいす,Smart Device,"様々な用途に使用可能な多機能端末のこと。

明確な定義はないが、スマートフォンやタブレット端末が相当する。

企業では主に営業マン向けにスマートデバイスの活用が進んでおり、業務システムと連携させることによりファイル共有などが可能になる。"
59,0060,スループット,するーぷっと,Throughput,"コンピュータやネットワーク機器が単位時間あたりに処理できるデータ量のこと。
あるいは、その数値を使ってデータ処理能力やデータ転送速度を表す。
数値の単位は「bps」「kbps」「Mbps」で1秒あたりのデータ量をビット数で表す。

スループットは、「トラフィック監視」「WAN高速化」「ロードバランサ」など管理指標として、また、コンピュータやネットワーク機器などの性能を評価する指標となる。

参考：おすすめロードバランサ製品を紹介！種類や選び方も解説"
60,0061,セキュリティホール,せきゅりてぃほーる,Security Hole,"セキュリティホールとはソフトウェアの設計ミスやプログラムの不具合が原因となって発生するセキュリティ上の欠点のこと。

セキュリティホールを放置しておくと不正にコンピュータを操作されてしまったり、ウィルスに感染する危険性がある。"
61,0062,セキュリティ診断サービス,せきゅりてぃしんだんさーびす,Security Assessment Service,セキュリティ診断サービスとは、Webの脆弱性を外部より診断し、システムリスクを明らかにする手法の1つ。情報システムの脆弱性を診断する技術的なものと、マネジメントにおける欠落箇所を診断する管理的なものがあり、診断の結果を元に問題点の改善を行うことで、リスクの軽減が図れる。 
62,0063,セッション,せっしょ,ession,"コンピュータネットワークでは、接続を確立してから切断するまでの一連の通信のこと。HTTPのサイトでは、セッションにIDを振ることで同一のセッションを管理することができる。また、一連のインタラクティブな操作(例えばログインしてからログアウトするまで)を指す場合もある。

アクセス解析ではユーザー(訪問者)がそのサイトを閲覧し回遊し離脱するまでの事を指し、朝に閲覧したサイトを夜に再び閲覧した場合、セッション数は2回とカウントされる。(ちなみにユーザー数は1人)"
63,0064,セールスフォースオートメーション,せーるすふぉーすおーとめーしょん,Sales Force Automation,"セールスフォースオートメーションとは、営業の業務効率化のための情報通信技術を使った営業支援ステム。従来の営業活動に加え、セールスフォースオートメーションを導入することで顧客満足度と収益性の向上を目指す。顧客へのプレゼンテーションや管理にインターネットやコンピュータを積極利用すれば、組織的な顧客対応力が期待できる。 


"
64,0065,ゼロデイ攻撃,ぜろでいこうげき,zero day attack,"ゼロデイ攻撃とは、ソフトウェアなどのセキュリティホールが発見されてから、その情報公開や対策が講じられる前に、そのセキュリティホールを狙う攻撃のこと。脆弱性発見から日にちを空けない攻撃が名前の由来。

セキュリティホールとは、セキュリティの弱い抜け穴のことで、無防備、あるいは比較的簡単にウイルス感染、システム侵入、乗っ取り、あるいは、プログラムの書き換えなどの被害を受けやすい状態になる。プログラム設計上の欠陥ともいえるが、決して珍しいものではなく、多くのソフトウエアはバージョンを更新しながら、これらの修正をしている。緊急性が高い場合、セキュリティパッチといわれる修正プログラムが配付されることもある。

これらの対策を講じるまでの空白期間は、無防備な状態であり対策が難しい。特に情報公開や更新プログラムが公開された当日にゼロデイ攻撃が爆発的に増加する傾向があり、一般に認知されるまでは、狙ったターゲットに的を絞って攻撃し、認知された時点で一気に攻撃の手を拡大するという攻撃者側の狡猾さが伺える。これらの攻撃を防ぐためには、公開された更新プログラムをできるだけ速く適用することしかない。まさに猶予は1日もないゼロデイである。

知らず知らずのうちに長期にわたって企業システムや企業ネットワークに侵入し、機密情報を盗み出す標的型攻撃はゼロデイ攻撃を組み合わせた巧妙かつ複雑な手法が増加している。セキュリティホールを突いた静かな侵入は検知されにくく、その後の被害を拡大させてしまう。ゼロデイ攻撃こそ、最も大きな脅威であるとの指摘もある。

参考：サイバー攻撃対策ツールの選び方とは？３つのポイントから解説"
65,0066,生体認証,せいたいにんしょう,Biometrics Authentication ,生体認証とは、指や目など、人間の生態的特徴で個人を識別し、認証する技術。指紋・顔・網膜・手形・血管・署名・音声・声紋などの認証がある。急速なコンピュータの普及とネットワークの発展で電子商取引が利用されるようになり、生体認証のようなセキュリティシステムが必要とされる。 
66,0067,タレントマネジメント,たれんとまねじめんと,Talent Management,"経営戦略に合わせて人材を活用、発掘、育成する概念や取組みのこと。

タレントマネジメントシステムでは社員の業務経歴や評価、ポテンシャルなどを一元管理でき、そのデータを元に採用やメンタルケアなどを計画することができる。"
67,0068,帯域制御,たいいきせいぎょ,Bandwidth Control,帯域制御とは、ネット上のパケット(情報のひとまとまり)を、ルータを使って制御を行う機能。帯域制御を行うことによって、優先したい情報をスムーズに送受信することができる。遅延や停止が許されないサービスを提供する側にとって重要な技術となり、Qosの制御方法の目的で使用される。
68,0069,帯域監視,たいいきかんし,Bandwidth Monitoring,"ネットワークの帯域幅（単位時間あたりのデータ伝送量）の使用率、占有率などを監視すること。
同義語：トラフィック監視

ネットワーク帯域に対して、各プログラム・アプリケーションの帯域使用状況を可視化、分析するネットワーク監視ツールが提供されており、ネットワーク障害の発生検知や予測を実行できる。

帯域は、通信などで用いられる周波数のことで、周波数範囲が広いほど単位時間あたりのデータ伝送量が多くなる。
インターネットなどのデータ通信においては、帯域幅の広い広帯域回線をブロードバンドといい、反対に帯域の狭い回線をナローバンドという。

関連用語：帯域制御"
69,0070,チャット,ちゃっと,chat,"チャットとは、インターネットを介してリアルタイムで会話をする仕組みのことである。

「電子メール」と似ているが、電子メールはリアルタイムコミュニケーションを重視していないのに対し、チャットは短い文章を頻繁にやりとりするため、感覚的には会話に近い。また、「メッセンジャー」との違いは、グループでも1対1でも双方がオンラインで接続されている状態でリアルタイムにコミュニケーションすることを前提とするチャットに対して、相手の接続状態に関係なく、メッセージを送るのがメッセンジャーとなる。

しかし、LINEなどの「メッセンジャーアプリ」の場合、移動体通信網などの発展により常時接続が当たり前になっているため、この違いは曖昧になりつつある。LINEやWhatsapp、Facebookのmessageなどのスマホアプリは、より手軽なコミュニケーションツールとして利用者が世界的に拡大している。

従来からのチャットの発展は、2000年代前半には、チャットルームと呼ばれるWebページに参加者が同時にアクセスしてチャットを行う形式が主だったが、最近ではSNSにチャット機能が付いていることが多く、用事がある相手にSNS経由でチャット用のメッセージを送り、チャットが開始されることが多い。

ビジネスにおいても利用されており、社内SNSにチャット機能が搭載されている他、個人が手軽に使えるものに対して、ログ管理やアクセス制限などの管理者による一元管理やセキュリティなどを強化した「ChatWork」や「Slack」など、ビジネスチャットと呼ばれる専用サービスも登場して、IT企業やスタートアップ・ベンチャー企業などを中心にメールに代わる社内のコミュニケーションツールとして採用する企業が拡大してきている。

また、近年の急速な人工知能、自然言語処理の発展にともない「チャットボット（chatbot）」と呼ばれる「自動会話プログラム」や、「ChatGPT」と呼ばれるAIによる自然な会話ができるチャットサービスも登場している。

参考：【2023年版】チャットボット比較27選！利用目的別で紹介（ChatGPT連携システムも紹介）
　【2023年版】ビジネスチャットツール比較表！失敗しない選び方も紹介"
70,0071,チャットボット,ちゃっとぼっと,chatbot,"「チャットボット（chatbot）」とは、「チャット」と「ボット」を組み合わせた言葉で、人工知能を活用した「自動会話プログラム」のこと。

「チャット」は、インターネットを利用したリアルタイムコミュニケーションのことで、主にテキストを双方向でやり取りする仕組み。ビジネス向けのクラウドサービスに「ChatWork」や「Slack」などがある。

「ボット」は、「ロボット」の略で、人間に代わって一定のタスクや処理を自動化するためのプログラムのこと。不正な処理がプログラムがされればウィルスとなり、スマホアプリに組み込まれれば、パーソナルアシスタントなどの便利なツールにもなる。

人間同士が会話するチャットに対して、「チャットボット」は一方は人工知能を組み込んだコンピュータが人間に代わって対話することになる。このような仕組みは以前から存在していたが、あらかじめ人間によってパターン化された対応しかできず、人工無脳と揶揄されていた。

現在は、IBM社の「Watson」や「Deepmind社が開発した「AlphaGo」が、2016年3月に囲碁の世界王者（イ・セドル九段）に勝利（5戦中4勝1敗）するなど、急速な人工知能の発展と自然言語処理技術が実用的なレベルになってきたこともあり、チャットボットのようなAIツールが様々なWebサービスのユーザーインターフェイスやプラットフォームになるとまで期待されるようになってきた。

コミュニケーションに人工知能が介在する点において、先述の「AlphaGo」は、2016年のカンヌライオンズ（世界最大級の広告賞）のイノベーション部門でグランプリを獲得した。その評価は「これからのコミュニケーションのあり方を大きく変革する可能性を示した」というものである。

囲碁というルールのある対戦において、相手の打ち手に応じてインタラクティブに対応する能力を「会話」に適用することが可能であろうという評価（期待）が受賞理由のようである。

すでに、LINEやFacebook、TwitterなどのSNSには、ボットが登場しており、今後は様々なサービスにチャットボットが搭載されるようになるだろう。

例えば、レストランやタクシー、ホテル、航空券の予約は、秘書や執事のようにチャットボットにお願いするだけ、ECサイト上のでのショッピングも従来のルールベースのレコメンドに替わって、チャットボットの質問や提案にタップして応えると自分の今の気分にピッタリの商品が見つかるようになる。日用品であれば、消費するタイミングを見計らって三河屋のように「御用聞き」をしてくれるかもしれない。今後はGoogleが独占していた検索行為（ググる）もチャットボットに尋ねるスタイルに変わるだろう。

ビジネス向けにも経費精算システムなどに対話型のユーザーインターフェイスとして既に採用されているケースもでている。今後、コールセンターなど、オペレーターなどのヒューマンリソースが大きい業務にチャットボットが搭載されれば、業務効率を大幅に改善できる可能性がある。

しかし、現状では本当に人間のコンシェルジュのように完璧な（期待を上回るような）対応ができるまでには至っていない。現実には、Microsoft社の人工知能プロジェクト「Tay」が一部の悪質なユーザの誘導により、人種差別やテロに対して偏った認識を持つようになり、不適切な暴言を吐くようになってしまうという未熟な人工知能の一端を露呈してしまった。

このように人工知能については、まだまだ発展の余地があるわけだが、従来の機械学習、ニューラルネットワークなどから、「ディープラーニング（深層学習）」という技術的ブレークスルーが起きてから、わずか数年の進化は非常に大きく、今後のさらなる進化が大いに期待できる。

そして、チャットボットの発展は、プラットフォームとしての覇権争いとなるため、大手企業を中心に参入企業向けに開発ツールやAPIなどが公開されるだろう。LINEは「LINE Bot」の開発・普及のために「Messaging API」の提供をしている。さらに優勝賞金1,000万円の「LINE BOT AWARDS」を開催し、外部開発者を支援している。

IBMは「Watson」の「Botkit Watson」というチャットボット向けの「Watson Conversation 連携ミドルウェアプラグイン」を提供することを発表している。リリースによれば、まず、開発者に人気のビジネスチャット「Slack」向けに会話エンジンとして「 Watson Conversation」を提供し、さらに「Application Starter Kit」など、開発者向けにAPIやサンプルコード、チュートリアルなどのリソースを順次公開していく。

IBMは「AIベンダー」として、人工知能を適用する有力市場であるチャットボットの市場開拓になり、Slack Technology社にとっては、Slack対応アプリケーションの開発者を支援することでSlackプラットフォームへの囲い込みができる。

このように今後数年間であらゆるWebサービスがチャットボットをユーザーインターフェイスとして劇的な変化を遂げるかもしれない。



チャットボットの人気製品のランキング

 "
71,0072,テキストマイニング,てきすとまいにんぐ,Text Mining,"データマイニングの中で、テキストを対象にデータ解析をする手法。

文章を単語や文節、あるいは形態素といわれる品詞など「言語上、意味のある最小単位」で区切ることで、出現頻度、語句の相関関係、時系列による変化などの傾向やパターンなど、有用な知見を抽出する。

近年、英語に比べて非常に難しいとされていた日本語の自然言語処理技術が進化したことで、ビジネスでも実用レベルになってきたと言われている。

ビッグデータが注目されるようになり、フェイスブックやツィッターなどのSNS上で毎日大量に発生する情報をマーケティングなどで有効に利用する試みが進む中、ブランドや製品に対する「ポジティブ」「ネガティブ」などの感性情報を効率的に抽出、解析する手法として注目されている。

関連用語：「形態素解析」"
72,0073,テラバイト,てらばいと,Tera Bytes,"情報量を表す単位のひとつ。TBと略記される。
「テラ」は、ギリシャ語の「巨獣」(tegas)が語源。
ハードディスクやストレージなどの容量を表す際に使う。
データ量を表す単位は小さい順に下記の通り。
　・ビット（Bit）
　・バイト（Byte）
　・キロバイト（KB）
　・メガバイト（KB）
　・ギガバイト（GB）
　・テラバイト（TB）
　・ペタバイト（PB）
　・エクサバイト（EB）

1テラバイトを単位変換すると…。
　・1兆バイト
　・10億キロバイト
　・100万メガバイト
　・1,000ギガバイト
　・0.001ペタバイト

CDに換算すると約1,400枚分。
片面1層式のDVDに換算すると約200枚分。
25GBのBlu-ray Discの約40枚分。
32GBのiPhoneの32台分。"
73,0074,テレビ会議,てれびかいぎ,TV meeting ,"テレビ会議とは、ISDNなどの回線を利用して、距離の離れた相手ともリアルタイムで話が出来るコミュニケーションツールである。
遠隔地にいる相手とコミュニケーションが取れるため、出張や外出にかかるコスト、時間が削減出来る。

また、迅速な意思決定、表情が見れることによるより深いコミュニケーションが可能となる。

一見『WEBブラウザを利用するテレビ会議』という意味でWEB会議と同様のものとしてとらえられるが、WEB会議とテレビ会議は異なるものである。
"
74,0075,ディザスタリカバリ,でぃざすたりかばり,Disaster Recovery,ディザスタリカバリとは、災害時のシステム障害を素早く復旧・修復を行うための仕組みや体制を意味する。災害の状況下でもシステム停止を免れるよう、対策をとる必要があり、データのバックアップや遠隔地におけるサーバの二重化が求められる。ディザスタリカバリを導入することで、情報システムを扱っている企業などは被害時にどのような対応措置が施されるかによって、災害時だからこそ可能なサービスが可能になる。自然災害は万一ではなく、必ず起こるものと認知し、対策をとる必要がある。 
75,0076,デジタルサイネージ,でじたるさいねーじ,Digital Signage,"デジタルサイネージとは商業施設や駅、店頭などに設置される映像表示システムのこと。
「電子看板」を意味し、主に広告媒体として利用されている。

展示会場など様々な場所に設置できるので、特定の目的を持った人に合わせて効果的な広告を見せたり、時間帯によって広告を変えたりすることができる。

また、デジタル広告のため、差し替えなどの手間なく簡単に広告を入れ替えることができるのもデジタルサイネージのメリットのひとつだ。

デジタルサイネージには、ディスプレイ一体型、ネットワーク配信型など、様々な製品があり、画面分割やテロップなどの表示制御、配信スケジュール管理、多拠点配信などの機能がある。"
76,0077,デスクトップ仮想化,ですくとっぷかそうか,Desktop Virtualization,"クライアントPCを仮想化すること。「クライアント仮想化」と同義語。
パソコンのCPU、ハードディスク、メモリなどのハードウェアとソフトウェアをサーバ側でユーザごとに仮想マシンとして提供する仕組み。

クライアント側では、ディスプレイやキーボード、マウスなどの入出力装置だけを利用し、すべての処理をサーバが担当する。入力操作のデータとその処理結果をディスプレイに表示するためのデータだけをやり取りする。

クライアント側の処理能力、データ保存などを必要としないことから、従来の「シンクライアント」に似ている。
ベンダーによって「デスクトップ仮想化システム」を「シンクライアントシステム」と表記することもある。

古くなったPCのディスプレイ、キーボード、マウスなどをそのまま利用できることから、「サーバ仮想化」「ストレージ仮想化」と同様にIT資源の効率的な運用によるコスト削減効果が期待できるが、特に管理台数に比例して負担が大きくなるPCの運用管理工数の削減効果は、非常に大きいと言える。

また、「デスクトップ仮想化」のサーバがクラウド環境にあり、「SaaS」「IaaS」「PaaS」と同様にシステム購入せず、従量課金制のサービスとして利用するものを「DaaS」と言う。"
77,0078,デバッガ,でばっが,Debugger,デバッガとは、バグと呼ばれる、コンピュータにおけるプログラムやソフトウェアの誤りや不具合(エラー)を発見・修正するソフトウェア。プログラムやソフトウェアは人手で作成するため、誤りが発生してしまうのは否めないが、たったひとつのバグが原因で企業の基幹システムが停止してしまうケースも考えられるのでデバッガを導入し、テストすることが必要不可欠。
78,0079,データウェアハウス,でーたうぇあはうす,Data Warehouse,データウェアハウスとは、企業にある大量なデータを蓄積し、相互間の関連性を分析するシステム。データウェアハウスは整理・維持機能に加え、分析も可能なので、従来のような単純な集計よりも発展した分析が得られる。
79,0080,データセンター,でーたせんたー,Data center,データセンターとは、コンピュータを管理・運用するために、室内空調・セキュリティ・防災などを徹底した、専用の建物。停電のアクシデントにもバッテリや自家発電装置で対応し、通信サービスが不通の事態に陥っても、瞬時に別経路で対応する。データセンターリソースを活用するデータセンターソリューションには、ユーザからサーバを預かり回線や保守を提供するハウジングサービスやレンタルサーバを提供するホスティングサービス、仮想サーバを提供するVPSなどがある。 
80,0081,データベース,でーたべーす,Database,"相互に関連するデータを整理・統合し、複数のアプリケーションやユーザによって共有・検索・抽出などの再利用をできるようにデータを格納したもの、またその仕組み。

データを格納するため、データ構造が表形式になっているものをリレーショナルデータベース（RDB）といい、現在のデータベースの主流となっている。
代表的な製品は、MS Access、MS SQL Server、Oracle、DB2、MySQL、PostgreSQL、など。

アプリケーションがデータベースを利用する場合、SQLというデータベース言語を利用して必要なデータを取り出します。

近年では、マルチメディアなど多様な形式のデータを扱う大規模なシステムにおいて、データとその処理方法をひとつのオブジェクトとして格納するオブジェクトデータベース
が利用され、複雑なデータ構造を高速に処理することが可能になっている。

データベース専用のサーバを利用するシステムとパソコンにインストールしてスタンドアロンで利用するソフトがある。

市場では、大規模システムではオラクル、小規模ではマイクロソフトのAccessが大きなシェア占めている。"
81,0082,データマイニング,でーたまいにんぐ,Data Mining,"データの中から有用な知見を抽出する分析、解析手法の総称。

回帰分析や主成分分析などの統計学を応用して、顧客の購買などの事象から相関関係、因果関係の抽出、また、将来の予測分析などを実施する。

有名な事例で米国の男性が金曜日の夕方に「オムツとビールを同時に購入する」という小売店でPOSシステムの情報から抽出した分析がある。
分析結果から「オムツの棚の横にビール6缶パックを陳列」したところ、ビールの売上を伸ばすことができたというものだ。

データマイニングの効用を象徴する事例といわれているが、実は後年、コンサルタントが提案のために作った架空の分析結果だったと判明している。

販売データや顧客データなどの社内のデータの分析による潜在的なニーズの発見や効率的なマーケティング戦略の構築などを実現するBIツールなどにデータマイニングの分析手法が組み込まれている。

また近年では、社内だけではなく、SNSなどの社外のデータも分析対象とするビッグデータといわれる概念も注目されている。
この場合、テキストマイニングなどの手法により分析される。"
82,0083,電子メール,でんしめーる,electronic mail,"電子メールとは、インターネットを介して情報を送受信する仕組みの一つ。

インターネットが使われ始めた頃からあり、SNSが広く普及した今でも様々な目的で広く用いられている。

送信用のSMTPや、受信用のIMAP、POP3など専用のプロトコルが使われる。

送信先は、username@domain.com のような形式の文字列で指定し、これをメールアドレスという。

送信先は複数指定することができ、ccとして指定した宛先は、他の宛先からも見ることができる。bccに指定した宛先は他の宛先から確認することができない。

ファイルを添付して送ることもできる。"
83,0084,電子認証,でんしにんしょう,Electronic Authentication,電子認証とは、電子署名と公開鍵証明書に基づいた個人認証システムで、コンピュータネットワーク上の印鑑と印鑑登録証明書のような役割をする。電子署名で情報を暗号化し、公開鍵によってのみ情報閲覧ができる。電子認証を導入することで、ネット上で行われる個人情報や機密情報の交換を第三者に悪用されることなく安心してできる。 
84,0085,ドキュメント管理,どきゅめんとかんり,Document Management,"ドキュメント管理とは、社内で共有が必要な文書などを保管したり、編集作業の管理を行うアプリケーションの事。

文書の作成から保管・活用・保存、そして破棄するまでの間管理する。文書管理とも言う。文書を管理することで、大幅に業務効率を上げる事を目的としている。


"
85,0086,特権ID管理,とっけんあいでぃーかんり,Privileged-ID-Management,"システム管理者が利用する「何でもできる」強力な権限を持つIDを管理すること。
または、そのような特権IDを管理するための仕組み。

Windowsの「administrator」、UNIXやLinuxの「root」などの管理者権限は、もし不正に悪用されたり、人為的なミスが発生した場合、非常に大きな被害や影響を及ぼすことから、管理を強化するようになってきた。

制限された権限を限定的に付与するために以下のような機能が提供される。
 ・申請、承認機能
 ・アクセス制限
 ・有効期間の設定
 ・作業ログの保存

従来の管理作業に割り当てられ、複数の管理者により、共用されていた特権IDを管理作業ごとに担当管理者に割り当て、利用者を特定することが可能になる。"
86,0087,統合運用管理,とうごううんようかんり,Integrated Operation Management,"統合運用管理とは、数ある企業内のITシステムを一元管理する事。一元管理する事で、バラバラに管理された状況下で発生する人的ミスの削減や、ITシステム運用の効率化を図ることができる。

具体的には、「ジョブ管理」「可能性管理」「性能管理」「構成管理」「セキュリティ管理」「IT資産管理」などの管理項目があり、それぞれ専用の管理ツールがあるが、これらの機能を統合した管理システムによってシステムの運用、管理の工数を削減できる。"
87,0088,ナレッジマネジメント,なれっじまねじめんと,Knowledge Management,"ナレッジマネジメントとは、個人が持つ知識や情報の共有・明確化から、作業の効率や企業の業績を向上させる経営マネジメント手法。ナレッジマネジメントはデータのみならず非言語的な脳の活動による経験知や経験則の多くを含むもので、導入には受け入れ体制や環境を考慮する必要性がある。 


"
88,0089,入退室管理,にゅうたいしつかんり,Entrance and Exit Management,入退室管理とは、企業での情報漏洩防止や社員の勤怠時間を管理する為に用いられる。いつ・誰が・どこにと言う点を管理する事によって企業としてのセキュリティレベルを向上させる事が出来る。一口に入退室管理といっても、IDを入力するもの、生体認証機能がついているものタイムカードを使用するもの、ICカードを用いるものなど形態は様々である。近年では個人情報保護法やセキュリティに対する見方が厳しくなって来ている為、注目度も上がってきている。 
89,0090,ネットワーク仮想化,ねっとわーくかそうか,Network Virtualization,"ネットワーク回線やネットワーク機器を仮想化すること。または、物理的にではなくソフトウェアの制御により、ネットワークを構築すること。

サーバが仮想化され、追従する形でストレージが仮想化されたが、物理的ネットワークが、ボトルネックとなり、システム全体の仮想化による柔軟性などのメリットが充分に活かされない状況を解消するために技術的な発展をしている。

例えば、1台のサーバ上に構成された複数の仮想マシンを接続するためのネットワークを論理的に構築するために必要な機器、アダプタ、MACアドレス、IPアドレスなどを自由に構成することが可能になる。

サーバなどの仮想マシンの個性変更に合わせて、物理ネットワークを変更することなく柔軟にネットワーク構成を再構築することができる。

このような仮想環境でのネットワーク構築をソフトウェアで一括制御する考え方を「SDN」と言い、その中の具体的な技術仕様として、「OpenFlow」がある。"
90,0091,ハイアベイラビリティ,はいあべいらびりてぃ,High Availability,"高可用性のこと。HAと略記されることもある。

基幹システムやECサイトなどにおいて、高い稼働率を必要とするシステムやサーバに対して「HAサーバ」などと使われる。

稼働率は、障害発生間隔、停止時間、復旧時間などの平均から算出され、サービス提供のため24時間365日稼働するミッションクリティカルなシステムでは、稼働率99.999%を要求されることもある。

稼働率向上のため、フェイルオーバー型の「HAクラスタ」などのクラスタリング構成は、停止時間を最小限することを優先する可用性の高いシステムである。

近年、ハイアベイラビリティは、「事業継続計画（BCP）」や災害対策（ディザスタリカバリ）などの経営リスク低減を目的に求められることも多い。"
91,0092,ハイパーバイザ,はいぱーばいざ,Hypervisor,"バーチャルマシンを実行するための仮想化技術のこと。仮想化ソフトとほぼ同義。

OSより上位の制御プログラムとなり、ハイパーバイザ上に論理的に構成されたバーチャルマシン毎に複数のゲストOSを動作させることができる。
上記のタイプを 「ベアメタルハイパーバイザ」 と言い、本来のハイパーバイザはこちらのタイプを指す。

ホストOS上でハイパーバイザが、ホストOSに対するアプリケーションとして振る舞いさらにそのハイパーバイザ上のバーチャルマシンで、ゲストOSを動作させるタイプを「ホスト型ハイパーバイザ」と言う。

ベアメタルハイパーバイザの代表的な製品は、以下の通り。
　・VMware社： VMware ESX
　・Microsoft社： Hyper-V
　・XenSource社： Xen

ホスト型ハイパーバイザの代表的な製品は、以下の通り。
　・VMware社： VMware Server
　・Microsoft社： Virtual PC
　・Parallels社： Parallels Desktop"
92,0093,ハウジング,はうじんぐ,Housing,"データセンターの設備を提供するサービスのことで、サーバを設置する場所（ラックスペース）や電源、通信回線などが提供される。ホスティングとは異なり、ユーザはサーバなどの必要な機器を用意して設置し、基本的に遠隔で利用する。保守や運用監視などの代行サービスが併せて提供されることもある。

ユーザのメリットはデータセンターの耐震設計や自家発電設備などを含む災害などに対する耐障害性や可用性、冗長性、拡張性など、自社にサーバルームを用意するより、手軽に高いレベルで構築できることである。
また、都心のオフィスビル内に設置することと郊外のデータセンターであれば、同じスペースを利用する家賃として比較した場合もコストメリットがあるといえる。

同義語：コロケーション"
93,0094,バイト,ばいと,byte,"バイトとは、情報量の単位で、8ビットと等しい情報量である。

1ビットが2通りの値を取ることができるので、1バイトは2の8乗通り、つまり256通りの値を表現することができる。

もともとは1文字分の情報量を表す単位であり、必ずしも8ビットではなかったが、1文字を8ビットで表すのが一般的になったことで、8ビットで定着した。

現在のコンピューターはデータをバイト単位で扱い、メモリのアドレスなどもバイト単位で割り当てられている。そのため、バイトを分割してビットレベルで別々の情報を記録するようなことはできない。"
94,0095,バックアップ,ばっくあっぷ,Backup ,"バックアップとは、データが破損した時にその壊れたデータと入れ替える為に元のデータを予め複製しておくことを言う。

企業ではデータを定期的にバックアップしている場合が多い。バックアップのタイミングを深夜などの利用時間外に設定し自動化したり、バックアップ時間を短縮するために追加や変更があった差分だけを保存するなどのデータバックアップシステムが提供されている。差分バックアップは時間短縮だけではなく、保存するディスクスペースを節約することができる。同様のメリットがある「スナップショット」という技術もある。

一般にデータを長期的に保管することが目的の場合、バックアップと同様にデータを複製するが、データアーカイブといって区分することがある。

また、BCP（事業継続計画）の中で、システムの可用性を高めるためにデータだけではなく、システム全体を二重化する場合、データの複製をリアルタイムに同期させることがあるが、データレプリケーションといい、データバックアップと区分することがある。"
95,0096,パケット,ぱけっと,Packet,パケットとは、データ通信の際のデータ通信量の単位の事。容量の大きいデータ通信の際に、データに分割し、各分割データに、アドレスなどの制御情報を付加して通信する。このような通信方法をパケット通信と呼ぶ。パケット通信をすることで、通信の際に回線が占有されることがなくなり、通信回線を効率良く利用することができる。通常のデータ通信では、1パケットあたり、128KBの情報量を指す。
96,0097,ビジネスインテリジェンス,びじねすいんてりじぇんす,Business Intelligence,ビジネスインテリジェンスとは、企業に蓄積された大量なデータを収集して分析し、その結果を可視化する仕組み。一般的にBIと呼ばれている。ビジネスインテリジェンスを導入することで専門家でないユーザーでも手軽に情報や分析結果を閲覧可能という特徴がある。ビジネスインテリジェンスはビジネスにいかに役立てるかを目的とし、整理・統合して膨大なデータを有効利用することができる。 
97,0098,標的型攻撃,ひょうてきがたこうげき,Targeted Attack,"標的型攻撃とはサイバー攻撃の一種で、明確な意思と目的を持った人間が特定のターゲットに対して特定の目的のために行う攻撃のこと。

目的を達成するまで攻撃し続けることも特徴で、なりすましでメールを送りつけて添付ファイルを開かせようとしたり、Webサイトを改ざんして情報を抜き取ったりする。"
98,0099,ファイアウォール,ふぁいあうぉーる,Firewall ,ファイアウォールとは、社内のネットワーク環境への外部のネットワークからの不正アクセスを防ぐソフトウェア、またはハードウェアを言う。ファイアウォールはアプリケーションゲートウェイ・サーキットレベルゲートウェイ・パケットフィルタリングの大きく３つの種類に分けることができる。外部からのアクセスを制限することによってセキュリティが高まるが、その反面必要な情報のアクセスが入ってこない場合もある。その場合は個別の設定が必要になる。
99,0100,ファイル管理,ふぁいるかんり,File Management,"ファイル管理とは、文書の保管や、編集作業の管理（排他モード等）を行うためのアプリケーションのこと。

管理するフォルダを階層毎に分けられる為、まとめたいグループでフォルダ作成ができ、用途別・目的別でファイルを管理できる。アクセス権の設定も可能。 


"
100,0101,フィッシング,ふぃっしんぐ,Phishing,フィッシングとは、メールやWebサイトを装い、個人情報、暗証番号等を取得する詐欺のこと。近年で特に多いフィッシングとしては「ユーザーアカウントの有効期限が近付いています」や「新規サービスへの移行のため、登録内容の再入力をお願いします」等の表示が挙げられる。企業側も特にフィッシング対策としてセキュリティ関連のプロダクトを導入している。 
101,0102,フェイルオーバー,ふぇいるおーばー,Failover,"サーバやシステムの冗長化の1つ。
稼働中のシステムやサーバに障害が発生した場合、あらかじめ用意しておいた経路と同等の待機システムに切り替える機能のこと。

処理の途中でも自動的に切り替え、処理を引き継ぐことができる。停止時間を最小限に抑えることができるため、事業継続計画（BCP）の観点から、ECサイトなど、停止による損害が大きいシステムに組み込まれることが多い。

さらに、2つ目の待機システムに障害が発生する場合に備え、3つ目、4つ目と予備システムを組み込む「カスケイド・フェイルオーバー」といわれるシステムもある。

ちなみに、サブシステムへの切り替えを手動で実施するものを「スイッチオーバー」という。"
102,0103,フレームワーク,ふれーむわーく,Framework ,フレームワークとは、アプリケーションを開発する際の土台として機能するソフトウェアの事。一般的に、このソフトウェアに機能を追加して開発を進めていく。開発にフレームワークを利用すると、各々必要とされるパートのみの開発で済むため開発効率が良い。
103,0104,ブログ,ぶろぐ,Blog ,ブログとは、weblogの略称で、Web上で個人またはグループで日記や記事などを継続的に作成・管理されるWebサイトの総称。他のサイト記事との連携機能やコメントを書き込める機能などを備えたシステムも利用できる。ブログは新しい記事順に掲載される。読み手にとってもホームページより簡単にみることができるシステム。 
104,0105,プロジェクトマネジメント,ぷろじぇくとかんり,Project Management ,プロジェクトマネジメントとは、プロジェクトを成功させるための綿密な計画で、より効率的な目標達成に向けて様々な面から継続的なコントロールする手法。現在多くの企業でプロジェクトマネジメントを導入して業務を遂行しており、目標達成には必要不可欠なマネジメントとなる。構成管理ツールを使えば、自動化、効率化が可能。 
105,0106,プロジェクト管理,ぷろじぇくとかんり,Project Management,プロジェクト管理とは、プロジェクトを成功させるための綿密な計画で、より効率的な目標達成に向けて様々な面から継続的なコントロールする手法。現在多くの企業でプロジェクトマネジメントを導入して業務を遂行しており、目標達成には必要不可欠なマネジメントとなる。構成管理ツールを使えば、自動化、効率化が可能。 
106,0107,不正アクセス,ふせいあくせす,Illegal Access,不正アクセスとは、承認されていない第三者がWEBサイトにアクセスする事。このことによりデータの情報漏洩や書き換え、ウィルスの流入などのリスクが発生する。不正アクセス防止のためセキュリティソフトやファイアウォール等が使用される。不正アクセスの頻度の高い利用者は「クラッカー」と呼ばれている。 
107,0108,分散処理,ぶんさんしょり,Distributed Processing,"処理速度の向上を目的に1つの処理を分散して処理すること。

分散はプロセッサの単位やコンピュータの単位、近年では、プロセッサ内の複数のコアに割り当てられる。

分散処理は、地震、津波、気象など、地球規模の環境解析や気象予測、または遺伝子解析など、単独のコンピュータでは負荷の掛かり過ぎる計算をする際に採用される。

大量のプロセッサやメモリを積み込むスーパーコンピュータも同様の分散処理をしている。
近年では、処理速度の早くない一般的なパソコンを高速なネットワークで接続し、1台の処理速度の早いコンピュータとするクラスタリングも同様の考え方。

さらに、地域をまたいで散在しているコンピュータクラスターやパソコンなどをインターネットを通じて接続し、並列処理させる同様の包括的な概念をグリッドコンピューティングという。

昨今、ビッグデータの一部とされるFacebook、TwitterなどのSNSに大量に生成されるテラバイト、ペタバイトクラスのデータをリアルタイムで分析するため、分散処理の需要が高まっている。

このような環境の中、分散処理システム基盤である「Hadoop」が、Yahoo!、Amazon、DeNA、クックパッド、楽天など、多くのWebサービス企業に採用され、注目されている。"
108,0109,文書管理,ぶんしょかんり,Document Management,"文書管理とは、社内で共有が必要な文書などを保管したり、編集作業の管理を行うアプリケーションの事。文書の作成から保管・活用・保存、そして破棄するまでの間管理する。ドキュメント管理とも言う。文書を管理することで、大幅に業務効率を上げる事を目的としている。 

"
109,0110,物流管理,ぶつりゅうかんり,Logistics Management,物流管理とは、資材や部品の取引業者・生産拠点・工場倉庫・物流拠点・顧客納入場所などを一元的に管理する事を言う。物流管理システムを導入することによって効率的に在庫や出入庫の管理ができる。
110,0111,複合機,ふくごうき,Combination Printer-Copier-Scanner-Fax,複合機とは、複数の機能が一体になったPC周辺機器。プリンタ・スキャナー・FAXなどの機能が一台で扱える。複合機を導入することで、配線や設置場所をとらずに済むメリットがある。最近では複合機内にハードディスクを内蔵し、ファイルサーバのような機能を持つものもあり、メディアなどを使わずにいつでもデータを利用可能。 
111,0112,ヘルプデスク,へるぷですく,Help Desk ,ヘルプデスクとは、顧客や社員など内外からの問い合わせ（操作や不具合）に対応し、処理する仕事のこと。対応の中心は電話やメール。場合によっては訪問等をして問題を解決するが、CTIによるシステムやデータベースを構築している例も多い。 
112,0113,ペタバイト,ぺたばいと,Peta Bytes,"情報量を表す単位のひとつ。PBと略記される。
ハードディスクやストレージなどの容量を表す際に使う。
データ量を表す単位は小さい順に下記の通り。
　・ビット（Bit）
　・バイト（Byte）
　・キロバイト（KB）
　・メガバイト（MB）
　・ギガバイト（GB）
　・テラバイト（TB）
　・ペタバイト（PB）
　・エクサバイト（EB）

1ペタバイトを単位変換すると…。
　・1,000兆バイト
　・1兆キロバイト
　・10億メガバイト
　・100万ギガバイト
　・1,000テラバイト
　・0.001エクサバイト

CDに換算すると約140万枚分。
片面1層式のDVDに換算すると約20万枚分。
25GBのBlu-ray Discの約4万枚分。
32GBのiPhoneの3万2千台分。"
113,0114,ペーパーレス会議,ぺーぱーれすかいぎ,Paperless Meeting,"紙の資料を使わずにデータで資料を共有・閲覧する会議のこと。

紙資源を使用しないことによる環境保全、会議単位で資料へのアクセス権限を設定することで、印刷コストの削減、情報漏えい防止、業務効率化といったメリットがある。"
114,0115,ホットスタンバイ,ほっとすたんばい,Hot Standby,"コンピュータシステムにおいて、サーバやネットワーク機器を冗長化した予備システムへの切り替え方式のひとつ。　同義語：ホットスペア　　対義語：コールドスタンバイ

障害発生時に本番システムと同期する予備（待機）システムへ瞬時に切り替える方式。
これに対して切り替え時間が遅い「ウォームスタンバイ」「コールドスタンバイ」がある。

予備サーバ（セカンダリサーバ）は起動状態にあり、本番サーバ（プライマリサーバ）と同じアプリケーションで同一の処理を実行しながらデータをリアルタイムで同期し続ける。
ウォームスタンバイでは、サーバは起動されているが、アプリケーションは稼働状態になく、コールドスタンバイでは、サーバが起動されていない。

障害発生による機会損失が大きくなる大規模システムやECサイトなどでは、事業継続計画（BCP）などの観点からホットスタンバイを採用し、可用性を高める構成となっている。

関連用語：冗長性、クラスタリング、フェイルオーバー"
115,0116,ボット,ぼっと,Bot,"「ボット」とは、一定のタスクや処理を自動化するためのアプリケーションやプログラムのことで、セキュリティ業界では「不正なプログラム」を指し、ウィルス感染などによりパソコンにボットが組み込まれると遠隔操作されたり、勝手に通信をしたりするためアンチウィルスなどによるセキュリティ対策の対象となる。
感染すればパソコンが乗っ取られ、「DDoS攻撃」の踏み台に使われたり、静かに潜伏して「標的型攻撃」としてマイナンバーなどの個人情報などの重要な情報の搾取に悪用されることになる。

しかし、ボットそのものは、ただのプログラムなので、事前に決められている処理を実行するだけである。アラームを鳴らすだけの単純なものもあれば、Apple社の「iOS（iPhoneやiPad用のOS）」に組み込まれている「Siri」も「音声認識」を組み合わせて複雑な処理ができるようにしたボットの一種といえる。Google社のandroidのCMでおなじみの「オッケー、グーグル」も同様で、これらのパーソナルアシスタントの裏側で動いて「近くの◯◯」を地図アプリで表示してくれるのはボットである。

これらのパーソナルアシスタントをWebサービスとして、もっとは用的に活用できるように人工知能による「チャットボット」も開発され、注目されている。

参考：無料のウイルス対策ソフト比較！有料製品との違いも紹介"
116,0117,ミドルウェア,みどるうぇあ,Middleware,"ソフトウェアの分類の1つ。オペレーションシステム（OS）とアプリケーションソフトウェアとの間に位置し、OS上で動作する。

OSは、OS上で動作するすべてのアプリケーションに共通する基本的な機能や汎用的な処理を集約してアプリケーションに提供している。これにより、各アプリケーションでは共通部分の開発を省くことができる。

ミドルウェアは、ある特定の分野に属するアプリケーションに対して、その分野に共通する機能や処理をアプリケーションに提供する。あるいはミドルウェア自体に中間処理をさせたり、アプリケーションの制御をさせることもある。

ミドルウェアを仲介させることで、OSやハードウェアの違いを吸収させ、互換性を高めるメリットもある。

以下、代表的なミドルウェア製品を例示する。
【データベース管理システム】
　Oracle Database、Microsoft SQL Server、IBM DB2、MySQL、PostgreSQL
【統合運用管理】
　JP1、Tivoli、HP OpenView
【EAI】
　ASTERIA
【ファイル転送】
　HULFT"
117,0118,無線LAN,むせんラン,Wireless LAN ,無線LANとは、ケーブル配線を使うことなくデータを送受信することができるLANのこと。無線LANを使用することで社内での配置換えの際もケーブルの引き直しの必要がなく、オフィス内のエネルギーコストも削減できる。セキュリティーの面で無線LANを検討している企業もあるが、現在はセキュリティが完備しているので導入しやすい。
118,0119,メインフレーム,めいんふれーむ,Mainframe,"基幹システムなどに用いられる大型コンピュータシステムのこと。
商用メインフレームのベースとなったのは「IBM System/360」。

当時、それまでのコンピュータシステムは利用目的が定まっている特注品として構築されていたのに対して「IBM System/360」は、後からソフトウェアを構築することで、利用目的を限定しない汎用的なシステムとして注目されたため、「汎用コンピュータ」「汎用機」ともいわれる。

「メインフレーム」という呼称は、後から生まれたもので、当時のコンピュータは全て大型だったが、その後の小型コンピュータに対して「汎用大型コンピュータ」「大型汎用機」と区分され、「メインフレーム」という通称が生まれた。

メインフレームを使用して構築したシステムは、現在のクライアント/サーバシステムやクラウドなどのWebシステムと比較して技術基盤が古いことから「レガシーシステム」と呼ばれることがある。

"
119,0120,メールアーカイブ,めーるあーかいぶ,Mail Archive ,"メールアーカイブとは、送受信したメールを一つのファイルとしてまとめ、サーバやストレージに保存しておく仕組をいう。アーカイブされたファイルは削除や改ざん等が出来ないようになっている。情報漏洩対策として注目を浴びている。

▼こちらで詳しく解説！
参考記事：メールアーカイブとは？Gmailでの手順や戻し方、検索方法も解説"
120,0121,メールセキュリティ,めーるせきゅりてぃ,Mail Security,メールセキュリティとは、電子メールに関するセキュリティの総称。電子メールの普及に伴い、重要性が増している。以前はウィルス対策ソフトの導入にとどまっていたが、情報漏洩・スパムメール・フィッシング詐欺などの対策へと多様化してきている。
121,0122,メール配信,めーるはいしん,E-mail delivery ,メール配信とは、E－Mailアドレスにメーラーやメール配信システムなどを用いて電子メールを送ること。企業情報のほか販売促進やマーケティング戦略、顧客フォローなど様々な企業戦略に用いられる。安価なコストが特徴。
122,0123,モバイルコンピュータ,もばいるこんぴゅーた,Mobile Computer,"ノートパソコンなどの携帯できるコンピュータのこと。
小型、軽量でバッテリー駆動ができ、ディスプレイやキーボードなどコンピュータを
利用するためのハードウェア構成かオールインワンになっていることが求められる。"
123,0124,リカバリ,りかばりー,Recovery,"「リカバリ」とは、 PCを初期状態に戻すことをいう。リストアともいう。 
または、障害が発生したシステムやサーバなどを復旧、回復、修復すること。

OSやソフトウェアなどをアンインストール（消去）して、再度インストールし直したり、
破損したハードディスクを入れ替えたり、データを取り出したりする。

災害の発生を想定して、このような障害を未然に防いだり、迅速に復旧させることを
「ディザスタリカバリ」という。

更に、大規模な災害が発生しても事業を停止することがないようにシステム全体の
冗長性（二重化や予備など）や体制を整える取組み、その計画を「事業継続計画
（Business continuity planning、BCP）」という。"
124,0125,リストア,りすとあ,Restore,"リストアとは、 PCを初期状態に戻すことをいう。リカバリともいう。 
故障や不具合から起動しなくなった時のハードウェアの修理、入れ替え
ソフトウェアの再インストールなどのこと。"
125,0126,リッチクライアント,りっちくらいあんと,Rich Client,リッチクライアントとは、アプリケーションの実行環境のみを搭載した企業システムのクライアント環境を言う。ウェブ上のアプリとクライアントサーバ両方の機能を持っていて、操作性が良い為に業務の効率を上げる事ができ、運用管理にかかるコストも従来のクライアントサーバに比べて比較的に安く収まる。 
126,0127,リモートアクセス,りもーとあくせす,Remote Access,"社外から社内など、自分が権限を持つネットワークやPCに接続すること。

遠隔地でもセキュリティレベルを保ったまま社内ネットワークにアクセスできたり、自分のPCがあたかも目の前にあるように操作することが可能になる。

スマートデバイスの普及や在宅ワークの増加、災害発生時の事業継続への対応などもあり、注目が集まっている。"
127,0128,ルータ,るーたー,Router ,ルーターとは、インターネットなどのネットワーク通信を行うための中継機械。ルータを使うことによって、どういう経路でデータを配信するかを考慮しながら、情報の制御（通信規約に反するものの破棄）や優先などスムーズに選択してくれる。ネットワーク環境には必要不可欠なハードウェア。
128,0129,レガシーシステム,れがしーしすてむ,Legacy System,"一般用語としては、時代遅れの古い仕組みのことで、情報システムにおいては主に
技術革新による代替技術が広く普及した段階で旧来の技術基盤により構築されている
コンピュータシステムを指す。

特に企業の基幹システムのベースとなっていたメインフレーム（汎用コンピュータ）を利用
して構築したシステムを指すことが多い。これらは、各ベンダの独自技術により構築された
プロプライエタリ（独自仕様）なシステムであった。

日本においては、日本電気、富士通、日立などの独自仕様で構築された基幹システム
をWindowsやUNIX、Linuxなどのクライアント/サーバシステムやWeb系などのオープン
システムに移行する「レガシーマイグレーション」が注目された。

滅び行く「過去の遺物」のように思われるレガシーシステムであるが、銀行業務などの
高い信頼性を求められるクリティカルなシステムにおいては、レガシーシステムである
メインフレームが利用され、現在でもIBM、NEC、富士通、日立などから提供されている。


"
129,0130,ログ,ろぐ,Log,"ログとは、コンピュータの利用状況やデータ通信など履歴や情報の記録を取る事、またその記録を指す。操作やデータの送受信が行われた日時と、行われた操作の内容や送受信されたデータの中身などが記録される。
様々な用途で使用されるが、PCログを使用した社員の勤怠管理や、社用パソコンの操作ログの取得など、記録を取ることで業務の効率化や安全性の担保に活用ができる。

参考：
PCログで勤怠管理！正確な管理方法や重要性を紹介
PC操作ログの取得方法は？管理時の注意点も解説"
130,0131,ロードバランサ,ろーどばらんさー,Loader Balancer,ロードバランサとは、アクセスの多いサイトを運営するサーバが、一台にかかる負荷を何台かのサーバ分散させるために使う装置。ロードバランサを利用することによって、多くのアクセスが一度に集中しても、要求を一元管理してサーバ複数台に分散させ、安定した迅速な対応を可能にする。 
131,0132,ワンタイムパスワード,わんたいむぱすわーど,One Time Password ,"ワンタイムパスワードとは、ネットワークにアクセスする際の認証方法のひとつ。
その名の通り、認証の際にワンタイム（＝1回）のみの使い捨てパスワードを使用する。

万一第三者に知られてしまったとしても、毎回異なるパスワードが設定され、かつそのパスワードは2度と使用されることが無いため、ワンタイムパスワードを導入することで不正アクセスなどのリスクを大幅に低減できる他、パスワードの管理や定期的な変更が不要となる。

ワンタイムパスワードには、タイムスタンプ方式とチャレンジ・レスポンス方式がある。"
132,0133,ワークフロー,わーくふろー,Work Flow,"ワークフローとは、企業や人の間で行われる情報や業務のやり取りの一連の流れの事を指す。
そこから発展して、流れを図式化した物自体や、作られた流れ（フロー）の事を指す事も多い。IT化が進むにつれ、「ワークフローシステム」と同義で使われることも増えてきている。

企業では、申請などを行う際に上長の承認など、必要な確認のステップを踏むことが多く、「どの内容であればどういう流れで確認や決裁を行うか」が異なるため、数が増えるほど
煩雑になる。
そのため、確認の流れ（フロー）を定めて図式化することで、無駄な手順を省き、利用者へすぐに共有することが可能となる。

近年、内部統制が強く求められる現状から、ワークフローシステムの導入が進んでいる。
ワークフローシステムの製品比較を見てみる


"
133,0134,ABI,えーびーあい,Application Binary Interface,ABIとは、ABIとは、ソフトウェアの互換性を保障する規約やインターフェイスのようなもの。命令体系の同じマイクロプロセッサ、OSを搭載したコンピューター間で、アプリケーションソフトを動作させることが可能となる。
134,0135,ACL,えーしーえる,Access Control List ,ACLとは、アクセスコントロールリストの略語。ファイルやディレクトリの許可機能を、ユーザやグループ毎にわけ、細かく制限をかけることができる機能を指す。 
135,0136,Ajax,あじゃっくす・えいじゃっくす,Asynchronous JavaScript + XML ,Ajaxとは、JavaScript＋XMLの略語。ウェブの表現力を高め、ブラウザのみで専用アプリケーションのような動作を可能にした技術の事。特に代表的なものはgoogleによるGoogleマップやGmailである。「アジャックス」「エイジャックス」と呼び方は様々ではあるが、どちらも使用される。 
136,0137,android,あんどろいど,android,"androidとは、グーグル社が提供するオペレーティング・システム(OS)の一つであり、主にスマートフォンやタブレットで使用されている。

2016年2月現在、日本のスマートフォン市場において、アップル社のiOSとシェアを二分している。
iOSがiPhoneやiPadといった限られたハードウェアで使用されるのに対し、androidは多様なハードウェアで動作する。
スマートフォンユーザーは専用のアプリストアを経由してアプリケーションをインストールするが、androidはiOSとくらべて、アプリストアにアプリケーションを掲載する際の審査が通りやすい。また、androidユーザーはそもそもアプリストアを経由しなくてもアプリケーションをインストールできる。
これらの理由により自分なりの工夫をしたいユーザーに人気が高いが、一方で、悪質なアプリをインストールすることができてしまうため、セキュリティ上の危険もある。

各バージョンのコードネームには、「Lolipop」や「Marshmallow」などお菓子の名前が使われている。"
137,0138,Apache,あぱっち,Apache,"一般的には、Webサーバとして認識されている。
この場合、正式には「Apache HTTP Server」となり、Webサーバソフトウェアの1つであり、市場シェアでは60%を超え、Webサーバのデファクトスタンダードとなっている。

また「Apache」は、オープンソースのソフトウェアプロジェクトを支援する団体である「Apacheソフトウェア財団」を指す場合もある。

「Apache HTTP Server」は、無償のオープンソースソフトウェアとして、提供されており、開発は、Apacheソフトウェア財団により管理され、ApacheのソースコードはLinuxと同様に世界中のボランティアによって開発され、長年に渡りメンテナンスされ続けている。

ビッグデータの分散処理で注目されている「Hadoop」もApacheソフトウェア財団のプロジェクトの1つである。"
138,0139,ASP,えーえすぴー,Application Service Provider ,"アプリケーションサービスプロバイダの略語。
アプリケーションをインターネットを通じてサービスとして提供する事業者のこと。
ソフトウェアのレンタル事業者を指す。ソフトウェアの提供形態を指す「SaaS」とは、対象が
異なる。

日本では一般的に「ASP」と「SaaS」は区分されていないことが多いが、背景に日本のIT業界のビジネス事情がある。「ASP」を新しいサービスとして売るために「ソフトウェアの新しい形態」という「SaaS」に近い意味で提供事業者が使ったため、後に普及した「SaaS」と混同され、さらに「ASP」の進化型として紹介された「SaaS」が技術的に優れたサービスであるかのように誤認されることになる。

実際には「提供事業者」と「提供形態」の異なるものを指すことばであり、このふたつに技術的な進化や違いはない。当時はASP（事業者）が大手向けのアプリケーションを安価に提供するためカスタマイズ性などを封印せざるを得なかったこともあった。
さらに「SaaS」が提供されるようになるまでの期間で、アーキテクチャなどの技術的な進歩があったことは当然であり、これが「サービス」の技術的な違いと説明されている。

また「ASPサービス」や「ASP事業者」なども、前述のことばが普及する背景が生んだ不自然なことばである。"
139,0140,AV,えーぶい,Audio Visual,"AV（オーディオ/ビジュアル、Audio / Visual）とは、映像と音声の事である。映像や音声を扱う機器を総称してAV機器という。

AV機器の例としては、テレビを始めとしてVHS、DVD/ブルーレイレコーダー、オーディオレコーダーやビデオカメラなど、映像と音声を扱うあらゆる機器が該当する。

また、それらの機器を接続して映像や音声をやりとりするケーブルの端子をAV端子という。2000年代前半頃まではRCA端子という赤白黄色（赤白が音声、黄色が映像を担当）の端子が一般的だったが、2016年現在はHDMI端子が最も普及している。"
140,0141,BC,びーしー,Business Continuity,BCとは、ビジネスコンティニュイティの略語で、日本語表記は『事業の継続性』。その意味は文字通りで、緊急事態（例えば、災害や停電、システム障害、ウイルス侵入、不祥事等）が起きた場合に、そういった危機を回避または低減し、如何にビジネスを継続していくか。といった考え方をいう。 
141,0142,BPM,びーぴーえむ,Business Process Management ,BPMとは、複数の業務プロセスや業務システムを見直し、最適なプロセスに統合・制御・自動化しながら改善を続けていく取り組みの事。BPRが単発のプロジェクトに用いられるのに対しBPMは分析・設計、実行、改善などのマネジメントサイクルを取り入れているため長期的なプロジェクトに用いられる。近年では内部統制に大きく影響するものでもあるため、 BPMツールを導入する企業が急速に増えてきている。
142,0143,BREW,ぶりゅー,Binary Runtime Environment for Wireless,BREWとは、携帯電話向けアプリケーションのプラットフォームの事。携帯電話ごとに異なっている仕様を把握し、単一のプログラムでも稼動が可能。また、ネイティブコード（機械化されたプログラム）によって実行される為、Javaよりも処理速度が速いところが特徴である。 
143,0144,BYOD,びーわいおーでぃ,Bring Your Own Device,"個人所有、私物のスマートフォンなどの端末を業務に活用すること。

具体的には、使い慣れているスマートフォンやタブレット、ノートPCなどを会社に持込み、会社の情報システムにアクセスするなどして、業務利用していくことを指す。

企業側のメリットとしては、業務効率の向上や端末購入コストの削減などが挙げられるが、セキュリティ上の懸念が指摘されている。

BYODを実施する上で、以下のようなセキュリティ対策を講じる必要があるとされている。
・端末紛失時の情報漏えいを防止する「MDMツール」
・ウイルス感染している端末を隔離する「検疫システム」
・事前登録のない端末のアクセスを制限する「アクセスコントロール」
・機密情報を検知し、社外への送信・持出しをブロックする「DLPシステム」"
144,0145,CAD,きゃど,Computer Aided Design ,CADとは工業や土木・建築の分野でコンピュータを活用して設計を支援するシステム。CADを導入することで、製図における修正・変更が簡単になり、作業の効率化と検証・分析が可能になる。また、コンピュータならではのプレゼンテーションやシュミレーションができる点もCADの特徴である。
145,0146,CAE,しーえーいー,Computer Aided Engineering ,CAEとは、 製品の設計・製造開発の支援をするツールもしくは作業を指す。製造業においての開発スピードUPや無駄なコストの削減ができ、製品のシュミレーション等に使われるケースが多い。近年、CAEの過程の中でCADを使い、更に効率化を目指す場合が多く見られる。 
146,0147,CAM,きゃむ,Computer Aided Manufacturing ,CAMとは、コンピュータ支援を使用した製造や生産の事。具体的にはCADで製作図面を作成し、NCプログラム（工作をする機械の工程を示すプログラム）を作成する装置の事を表す。CAMを使用することにより工作機械の精度の向上、トラブルの防止などのメリットがある。 
147,0148,CMS,しーえむえす,Content Management System ,CMSとは、テキストデータやWebサイトなどのデザインやルールなどの情報をデータベースに一元管理・保存し、新しくWebページを作成する際に、条件にそって配信をするシステムやソフトウェアの総称。CMSを導入することでHTMLのデザインやコードを意識することなく、簡単にサイトコンテンツの変更・管理ができる。 
148,0149,DaaS,だーす,Desktop as a Service,"「デスクトップ仮想化システム」 をクラウドサービスとして提供すること。

クライアントPCなどのITリソースを効率的に運用する仕組みである 「デスクトップ仮想化」のサーバリソースをクラウド化することで、一時的な処理能力の需要などに対して、柔軟にリソースを調達できるメリットがある。

同様のクラウドサービスである 「IaaS」 や 「PaaS」 と同じく、コスト削減、管理負荷の低減などのメリットに加え、「デスクトップ仮想化」 や 「シンクライアント」 のように情報漏えいなどのセキュリティ上のメリットも期待できる。

さらに、「デスクトップ仮想化」 「シンクライアント」 と比較して、専用機器、サーバなどを用意する必要がないため、初期導入時の費用を抑えられるだけではなく、導入決定から利用開始までのリードタイムも圧倒的に短縮することが可能となる。"
149,0150,DDoS攻撃,でぃーどすこうげき,Distributed Denial of Service Attacks,"分散サービス妨害攻撃（分散型DoS攻撃）

Webサーバに対して大量のリクエストを送信することで、サーバに膨大な処理負荷を発生させ、サービス停止状態に追い込むことを目的とするネットワーク攻撃。

単一のコンピュータにより実行されるDoS攻撃に対して、DDoS攻撃は複数のコンピュータから一斉に送信される。
その際にマルウェア感染などにより、不正に乗っ取られたコンピュータが悪用される。

乗っ取ったコンピュータを踏み台とするため、攻撃元が特定されづらく、また、標的となるサーバに対しては、不正なアクセスではなく、通常のアクセスであることが多いため、防御することが困難な攻撃である。"
150,0151,DHCP,でぃえいちしーぴー,Dynamic Host Configuration Protocol ,DHCPとは、クライアントPCに対し、IPアドレスを割り振る機能の事を指す。これによって、クライアントはいちいちIPアドレスなどを設定することなく、自動的にネットワークの設定が可能になり、管理者の負担も軽減される。 
151,0152,DLP,でぃーえるぴー,Data Loss Prevention ,"情報漏えい対策
機密情報を自動的に特定し、送信や出力など、社外への持ち出しに関連する操作において、機密情報が検知された場合、該当操作をブロックする仕組み。

従来の情報漏えい対策では、不正ユーザに対しての制限、監視を実施していた。
この場合、正規ユーザの誤操作など、不注意による流出や故意の情報持出しは防ぐことができない。

DLPでは、機密情報を特定することで、ユーザではなく、情報に対するアクセスや操作を監視することで漏えいを防止する仕組みである。

DLPは、以下の3つの要素で構成される。
・パソコンに常駐させる「DLPエージェント」
・ネットワークを流れるデータを監視する「DLPアプライアンス」
・機密データを登録し、DLPエージェントを監視する「DLP サーバー」"
152,0153,DMI,でぃえむあい,Desktop Management Interface,DMIとは、Desktop Management Interfaceの略で、コンピュータシステムを管理するための標準的な規定のこと。クライアントとサーバの関係になっており、管理の仕方としては、クライアントのコンピュータにはサービスレイヤというソフトウェアを、サーバには管理ソフトを組み込みそれぞれを規定している。
153,0154,DMP,でぃーえむぴー,Data Management Platform,"DMPとはデータマネジメントプラットフォームの略で、様々なサーバに蓄積されるデータや自社サイトのデータを一元管理・分析し、広告投資を最適化していくためのツールのこと。

媒体者側が配信対象やオーディエンスデータを販売する仕組みを指すオープンDMP（またはパブリックDMP）と、広告主が自社のデータと外部のオーディエンスデータを集約するプライベートDMPの2つに分けられる。"
154,0155,DMZ,でぃーえむぜっと,DeMilitarized Zone,"DMZとは、DeMilitarized Zoneの略で、直訳すると「非武装地帯」で、インタネットなどの外部ネットワークと社内ネットワークの中間につくられるネットワーク上のセグメント（区域）のこと。

外部ネットワークからも内部ネットワークからもファイアウォールなどによって隔離されている。この隔離されたDMZ内にサーバを設置するなどによってセキュリティ強化を図れる。

外部に公開することが前提となるWebサーバは、常にリスクに晒されている。もし、Webサーバーを社内ネットワークに置くと万が一乗っ取られたり（リモートハッキング）、悪意のあるマルウェアなどを組み込まれたりした場合、社内ネットワークに接続されているその他のサーバやパソコンがすべて被害を受ける可能性がある。

DMZ内に公開用のWebサーバを設置して、社内ネットワークと隔離することで、不正侵入された後のマルウェアの感染拡大を防ぐことができたり、業務システムなどへの侵入による機密情報の漏洩を防止することが可能になる。

このようなネットワークの分離は、増加している標的型攻撃（APT）対策やマイナンバー保護などにも有効として、総務省やIPA（独立行政法人情報処理推進機構）も推奨している。機密情報を扱うシステムやマイナンバーを取り扱う業務用端末（PC）などをインターネットや一般の社内ネットワークから分離、隔離することで、社員のPCがマルウエア感染しても、隔離されているサーバや業務端末を感染拡大から守り、機密情報の漏洩を防ぐことができる。

DMZの構成には、2台のファイアウォールを設置して、
　インターネット－ファイアウォール（FW）－DMZ － FW － 社内ネットワーク
とする方法がセキュリティ強度が高くなるが、ファイアウォール1台だけで構成する方法もある。

ネットワークセキュリティを強化していくためには、ファイアウォールを利用したDMZにIDS・IPSやWAFなどを組み合わせて総合的な対策をする必要がある。

参考：IDS・IPSとWAF、ファイアウォールの違いとは？セキュリティ特徴は？
ファイアウォールの基本知識を解説！"
155,0156,DNS （Digital Nervous System）,でぃえぬえす,Digital Nervous System,"DNSとは、デジタルナーバスシステムの略語で、人間の神経系のナーバスから取っている名前の通り、企業内ネットワークを介在しているあらゆる情報へのアクセスと、社内の全分野への連絡がスムーズに行える情報システムを指す。

同じ表記のDNS（Domain Name System）がある。



 loading=""lazy"" alt=""ナレッジマネジメントシステム紹介ページ遷移画像"">"
156,0157,DNS （Domain Name System）,でぃえぬえす,Domain Name System ,"DNSとは、全世界のネームサーバを連携してドメイン名とIPアドレスを対応させるシステムのことを言う。つまり双方向の変換技術のことである。このドメイン名とIPアドレスを対応させることにより、ネットワークが繋がり、情報をどこからでも入手する事ができる。

同じ表記のDNS（Digital Nervous System）がある。"
157,0158,DoS攻撃,どすこうげき,Denial of Service Attack,"DoS攻撃は「サービス妨害攻撃」「サービス不能攻撃」「サービス拒否攻撃」と訳され、Webサイトやシステムに大量のリクエストや巨大なデータを送ることでトラフィックを増大させ、システムダウン、サービス停止に陥らせることを目的とする不正アクセス攻撃のひとつである。

その攻撃方法は、あらゆる技術や脆弱性が悪用され、複雑に発展している。そのための攻撃ツールも多くの種類が公開され簡単に入手可能な状況になっている。

DoS攻撃の手法は大きく２つに分けられる。
１つは、フラッド型（洪水型）といわれるトラフィックを増大させ機能不全にさせる方法で、SYNフラッドやUDPフラッドなどがある。もう１つは、システムやOS（オペレーティングシステム）やアプリケーションのセキュリティホールや脆弱性を突くことで、システムやサービスを利用不能にさせる方法で、ランドアタックやスマーフアタックは、インターネットのプロトコルあるTCP/IPの特徴や脆弱性を悪用している。

また、DoS攻撃の攻撃元となるサーバ（「踏み台」と呼ばれマルウエアよって乗っ取ったサーバ）を複数に分散させ、攻撃先となるサーバを同時に攻撃する「DDoS攻撃（分散サービス妨害）」というDoS攻撃をより強化したサイバー攻撃もあり、世界中の多くの企業や政府機関や政府関連施設が狙われ、脅迫行為にも発展し、近年は大きな社会問題になっている。

【DoS攻撃からの防御】
★DoS攻撃の攻撃手法とその防御対策"
158,0159,Dropbox,どろっぷぼっく,ropbox,"Dropbox.Incが提供する、写真や文書ファイルをインターネット上に保管できるオンラインストレージサービスのことである。

データは全てインターネット上に保管されるため、デスクトップのパソコンやタブレット、スマートフォン等複数の端末でデータの共有が可能となる。
Dropboxが他のオンラインストレージサービスに比べて有利な点として、専用フォルダにファイルをドラッグ&ドロップするだけでデータの共有が可能となるその使いやすさが挙げられる。

また、Dropboxにあげられたファイルは他のDropboxユーザーと共有することができるため、ファイル保管を目的とした使用のみならず、ファイル共有を目的とした使用をすることも可能である。"
159,0160,DWH,でーたうぇあはうす,Data Warehouse,DWHとは企業にある大量なデータを蓄積し、相互間の関連性を分析するシステム。DWHは整理・維持機能に加え、分析も可能なので、従来のような単純な集計よりも発展した分析が得られる。
160,0161,EAI,いーえーあい,Enterprise Application Integration ,EAIとは、エンタープライズ・アプリケーション・インテグレーションの略。企業内にある数多くのシステムを連携させ、システムやデータ、アプリケーションを統合すること。また、それを目的としたソフトウェアをさす。EAIの動向で注目されているのがESBである。
161,0162,ECP,いーしーぴー,Extended Capabilities Port ,ECPとは、コンピュータ本体と周辺機器を接続するインターフェースのパラレルポート（複数の信号線を同時に使いデータ転送を転送する事）の仕様を拡張したもの。現在はIEEE1284というデータ転送が規格化されている。 ECPを使う事により双方向通信が可能となった。
162,0163,EDA,いーでぃーえー,Electronic Design Automation,"EDAとはElectronic Design Automationの略で、半導体や電子機器の設計作業を自動化で行うこと、またはそのツールやソフトウェアを意味する。

コンピュータを利用した設計支援システムにはCADやCAE、CAMがあるが、EDAはこれらの総称ということができる。

手作業で電子機器の設計・製造も可能だが、開発のスピードや安全基準を保つためにEDAツールを利用することがほとんどである。"
163,0164,EDI,いーでぃーあい,Electronic Data Interchange,"EDIとはelectronic data interchangeの頭文字で、電子情報交換などと訳される。
標準的な書式に統一された、商取引に関する情報などのビジネス文書を、専用回線や通信回線を通じて、企業間でやり取りを仕組みの事を指す。

フォーマットの統一とオンライン上でのやり取りが可能となったことにより従来の紙の伝票のやりとりに比べ、情報伝達の速度が急上昇することが導入のメリットである。

またそれに伴い、伝票作成の工数の削減から、業務コストの削減、販促機会の拡大が見込まれる。
業界間で基準に差がある事によって均一化がなされていないのが問題であったが現在ではインターネットの普及に伴い、業界の枠組みを超えた統一が進んでいる。

"
164,0165,EIP,いーあいぴー,Enterprise Information Portal ,EIPとは企業内の多様な情報システムにあるデータやアプリケーションなどを一括して閲覧することが可能で、業務に必要な情報を一括表示するもの。検索エンジンなどのポータルサイトの発想を企業内の利用に特化させたもの。EIPを導入することで、業務の効率を向上させることができる。EIPではパーソナライゼーション機能で利用者ごとの内容表示選択もでき、パソコンだけはなく、携帯電話・PDAなどモバイル機器からも利用可能。 
165,0166,EOS,いーおーえす,Electronic Ordering System,"EOSとは、電子発注システムの事。

ネットワーク上での受発注システムのことを指し、スーパーマーケットなどの小売店舗の受発注業務の効率化などに使われる。

発注、仕入れ、請求、支払などの業務をコンピュータで一元管理し、小売店の端末から本部・卸売店などへネットワーク経由で発注を行なうことにより、迅速かつ正確な発注作業が実現できる。 

EOSを導入することにより、従来の帳票でのやり取りに比べ、発注から納品までのリードタイムの短縮や多頻度納品などを低コストで実現することができる。 

参考：EDIツール19選を徹底比較！選定ポイントも紹介

"
166,0167,ESB,いーえすびー,Enterprise Service Bus ,ESBとは、既にあるアプリケーションをパーツ化して、パーツごとに組合わせて新しいアプリケーションを構築する設計手法のこと。データの形式変換によるプラットホーム間のデータ共有やデータの振り分けなどが可能。ESBによってアプリケーションやウェブサービスの統合が可能となる。 
167,0168,ETL,いーてぃえる,Extract Transform Loading ,ETLとは、データウェアハウスを構築するに当たって各基幹系にあたるシステムからデータを抽出し、適切な形式に変換、保存する一連の作業のことを示す。ETLのツールを使用することによりデータの移行にかかるコストや手間を削減することができ、開発において大きな手助けとなる。ETLのツールの出来によってデータウェアハウスの質が決まってくると言っても過言ではない。 
168,0169,eラーニング,いーらーにんぐ,e Learning,"eラーニングとはパソコンを使用し、インターネット上でできる教育・学習形態。IT技術を活用した教育システムで、24時間いつでも、どこででもアクセス可能なことから、受講者を時間や場所の束縛から開放する利点がある。また、受講者の一元管理が可能で、研修場所の確保、講師のスケジュール調整なども省けることから管理側にも有効である。一方で機械の操作方法など技術教育が重要となるような学習はeラーニングには向かない。 

"
169,0170,FAQシステム,えふえーきゅーしすてむ,Frequently Asked Questions System,"「よくある質問」コンテンツ作成に特化したコンテンツ管理システム（CMS）のこと。
社外用のWebサイトだけでなく、社内やコールセンター内などで利用される場合もある。

ユーザーからの質問に対して回答をつけたページを、HTMLなどの専門知識がなくても作成・管理することが可能になり、質疑応答の工数削減や、顧客満足度の向上が見込める。
質問内容の検索機能が強力であったり、質問内容の分析ができるなど、サービス・商品改善にも活用できる。

"
170,0171,Flash,ふらっしゅ,Flash,Flashとは、WEB上で使用することが可能な、音声とアニメーションを組み合わせたコンテンツをつくるソフトの総称。 Flashのメリットとしては、作成するファイルが軽いため、容易にWEB上に載せる事ができるということや、操作が簡単なため容易に作成する事が挙げられる。また、見る事が無料な為、より多くの人に認知されやすい。 
171,0172,FTP,えふてぃぴー,File Transfer Protocol,FTPとは、ネットワーク上でファイルを転送する際に使われるプロトコルの事。利用しているコンピュータから遠く離れた場所にあるコンピュータにファイルを送信したり、逆に遠く離れた場所にあるコンピュータからファイルを取り込んだりするための仕組み。 
172,0173,GUI,じーゆーあい,Graphical User Interface,"GUIとは、グラフィカルユーザインターフェース(Graphical User Interface)の略語。
コンピュータへ出す命令や指示等を、ユーザが画面上で視覚的に捉えて行動を指定できるもので、それまで主流であった命令文を入力して実行する方式(CUI)に比べ、直感的に操作できるのが特長。
ユーザインタフェースを視覚的にわかりやすくする開発が求められるため、使用する開発ツールを比較検討することが重要。"
173,0174,HaaS,はーす,Hardware as a Service,"サーバ、ストレージ、ネットワーク回線など、システム構築に必要なハードウェアを
提供するクラウドサービスのこと。
別名:IaaS（イアース / Infrastructure as a Service）

利用者が構築する業務システムなどに応じて、必要なOSをインストールして利用する。
IaaSがOSをインストールして提供する場合があるのに対して、OSを含まないサービスとして区分される場合がある。

物理サーバを提供する「レンタルサーバ」や「ホスティング」に対して、仮想化されたCPU・メモリー・ハードディスクをユーザーが必要とする分だけ柔軟に提供できるメリットがある。

□aaSという派生語が多く生まれている。まだ一般的に使われていない造語のひとつで「TaaS」がある。競合する複数の意味がある。
　Tools as a Service 　開発ツールの提供サービス（九州のある会社）
　Trixbox as a Service　SaaS型IP-PBXサービス（神奈川のある会社）
　Testing as a Service　アプリの遠隔テストサービス（東京のある会社）
　Tobacco as a Service　タバコを1本借りること? 貸すこと?（とある会社）"
174,0175,HTML,えいちてぃえむえる,HyperText Markup Language ,ＨＴＭＬとは、インターネットのHPで使用される記述言語。HPのレイアウトや装飾などを整える上で形成するだけでなく、文章の中には、画像や音声、動画、ハイパーリンク等を埋め込むことが出来る。「W3C（WWWコンソーシアム）」というWWWで利用される技術の標準化が進められている。 
175,0176,HTTPS,えいちてぃてぃぴーえ,yperText Transfer Protocol Secure,"HTTPSとは、HTTPがSSLやTLSで暗号化されている状態のプロトコルを指す。

暗号化されていない場合、パケットモニターなどのツールを使用すれば、情報の中身を見ることができてしまうため、通信経路上での盗聴や第三者によるなりすましが発生する可能性がある。

HTTPSでは、WebサーバーとWebブラウザー間でやり取りする際の通信が暗号化されているため、IDやパスワードといった個人情報を入力するログイン画面やお問い合わせ・お支払い等のフォームや、外出先や自宅などの社外から社内ネットワークに安全に接続するリモートアクセスで使用されることが多い。"
176,0177,IaaS,いあーす,Infrastructure as a Service,"サーバ、CPU、メモリ、ストレージなどのITインフラを提供するクラウドサービスのこと。
利用状況に応じた従量課金サービスととして提供される。
別名:HaaS（ハース / Hardware as a Service）

利用者が用途に応じて、必要なOSをインストールするが、一部WindowsやLinuxなど、OSがあらかじめ指定、もしくはインストール済みで提供されるケースもある。
また、別途データベースソフトやミドルウェアなどを利用者が用意する必要がある。

従来型の「ホスティング」や「レンタルサーバ」に対して、仮想化されたサーバが提供され、ハードウェアリソースの増減などに柔軟に対応できるメリットがあり、「VPS」に近い。"
177,0178,ICタグ,あいそーたぐ,IC tag ,ICタグとは、電波によって直接接触する事無く、物の判別・管理をする仕組み。データの記憶、読み取り、交信が可能で、極小さなタグを取り付けて利用することができる。バーコードに変わるものとして生産・在庫・物流管理で使用が広がっており、セキュリティーや交通、レジャー施設など、活用シーンが拡大してきている。よく知られている例として、JRのSUICAがある。改札機にカードをかざすだけで情報を読み取ってくれる。効率化、自動化に向けて幅広い適用が期待される技術。 
178,0179,iOS,あいおーえす,iOS,"iOSとは、主にアップル社製のスマートフォン「iPhone」シリーズに搭載されているオペレーティング・システム(OS)のこと。他にもiPod touchやiPadなど、アップル社製の製品に搭載されている。

世界中でiPhoneを始めとするスマートフォンが普及したことに伴って、iOSも爆発的に普及した。

日本においては2008年7月にソフトバンクモバイルからiPhoneが発売されたことでユーザーが増え、2016年2月現在でもスマートフォン用OSとしてGoogle社のandroidにシェアで勝っている。
PC用のOSであるMac OS Xをベースに作られており、Macシリーズとの相性が良いが、日本のPC用OSシェアはWindowsが圧倒的である。"
179,0180,iPhone,あいふぉん,iPhone,"iPhoneは、アップル社が開発・販売しているスマートフォンのシリーズ。

日本においては2008年頃から爆発的に普及し、誰もがスマートフォンを持つ文化を作り出した。

OSとしてiOSを搭載しており、iOSはグーグル社開発のandroidとシェアを二分している。

2016年現在の最新バージョンはiPhone6であり、初代iPhoneから段々とそのサイズを大きくしている。"
180,0181,IPP,あいぴーぴー,Internet Printing Protocol ,IPPとは、インターネットのようなネットーワークを通じて介される、印刷指示や機器制御をおこなうプロトコルの事。 HTTPプロトコルを使い、ネットワーク上のプリンタに印刷を指示できるところが大きな特徴である。 
181,0182,IPコミュニケーション,あいぴーこみゅにけーしょん,IP Communication,IPコミュニケーションとは、電話回線ではなく、ブロードバンド回線を経由して電話をかけられる電話サービスで、音声をパケットというひとまとまりのデータにして、通話相手まで届けること。IPコミュニケーションは電話回線を利用するより格安で、距離に関わらず通話料金が一定である。既存の電話を従来どおりに使用することができる。FAXも利用可能。 
182,0183,IP電話,あいぴーでんわ, IP telephony,IP電話とは、電話回線ではなく、ブロードバンド回線を経由して電話をかけられる電話サービスで、音声をパケットというひとまとまりのデータにして、通話相手まで届けること。IP電話は電話回線を利用するより格安で、距離に関わらず通話料金が一定である。既存の電話を従来どおりに使用することができる。FAXも利用可能。 
183,0184,ITIL,あいてぃあいえる,あいてぃる ,"ITILとは、イギリス政府が発表したITサービス管理における成功事例をまとめた文献のこと。全7冊から成立しており、文献を占める8つの大きな構成のうち「サービスサポート」と「サービスデリバリ」を中心に、ITサービスの運用規範とITサービスに対する高い投資の必要性を記した管理手法が、規範的立場で掲載されている。ITサービスを提供する場合ITILを導入することは、適切な運用・管理などのノウハウを参考する上で重要である。
「アイティル」「アイティーアイエル」「イティル」などと読む。"
184,0185,IT資産管理,あいてぃしさんかんり,IT asset management,IT資産管理とは、社内でネットワークに接続する多数のパソコン、またインストールされた多種のソフトウェアといった IT資産の、管理作業を言う。OSやアプリケーションの修正モジュール、セキュリティパッチの配布等、セキュリティ面の管理などを、一元化・簡素化するものが資産管理ツールである。
185,0186,Java,じゃぱ,Java,Javaとは、サン・マイクロシステムズが開発したプログラミング言語。Javaは従来の言語における問題点を解消して開発されたもので、Javaで作成したアプリケーションはオブジェクト指向のため効率的である。保守性や再利用性のメリットが特徴。
186,0187,JSP,じぇいえすぴー,Java Server Pages ,JSPとは、HTMLにタグを使用してプログラムを埋め込むタイプのスクリプト言語のこと。サーブレットと同じくサーバ側のJavaだが、プログラムの中にPrint文でHTMLを埋め込む形のサーブレットに対して、JSPはHTMLの内部に Javaプログラムを埋め込む形である。 
187,0188,KVMスイッチ,けーぶいえむすいっち,Kvm Switch,"複数のコンピュータを一組のキーボード、ディスプレイ、マウスから操作できるようにするための接続機器のこと。

キーボードなどをコンピュータの台数分用意する無駄を省くことができ、スペースや設備費用の削減につながる。

KVMはKeyboard Video (Visual unit) Mouseの略。"
188,0189,L2スイッチ,えるつーすいっち,layer 2 switch,L2とは、レイヤ2スイッチの略称。ネットワークを中継する機能を持つ機器の事。MACアドレスと呼ばれるパケットに宛先情報を含んだ情報を使って中継動作を行うスイッチのことである。ネットワークにおけるOSI参照モデルという通信モデルを7層に分けた内2層目のデータリンク層の事をレイヤ2と呼ぶところから、L2スイッチは発生している。L2スイッチ に対し、 TCP/IPなどのIPプロトコルなどが属するL3スイッチもある。
189,0190,LAN,らん,Local Area Network,"ローカルネットワークの略語。
家庭内や社内などのプライベートネットワークのこと。

公衆回線網といわれるインターネットとは、ルータなどのゲートウェイ機器により区切られ、ひとつの構内や敷地内で閉じたネットワーク（閉域網）のこと。

離れた拠点を専用線などにより接続したプライベートネットワークをWANといい、専用線の代わりにインターネットを利用し、安全のため通信を暗号化する方式をVPN（バーチャルプライベートネットワーク）という。

また、ネットワークを構築する際に多くの場合、有線のイーサネットケーブルを利用するが、無線通信機器を利用して無線LANを構築する場合もある。"
190,0191,Linux,りなっくす,Linux,"Linuxとは、誰もが利用・複製・改変・再配できるUNIX互換のOS(オペレーションシステム)。1991年に、当時フィンランドのヘルシンキ大学に通う学生のリーナス・トーバルズ氏が既存のソースを使うことなく開発され、無償でソースコードが公開されているオープンソースとなっている。

本来Linuxはコアであるカーネル（ハードウェアとソフトウェアをつなぐOSの核）を指したが、
Linuxカーネルを含むシステム全体の総称となった。

カーネルに加えて、ライブラリ、システムソフトウェア、アプリケーションなどの必要なプログラムをパッケージ化したものをLinuxディストリビューションという。Linuxカーネルは無償であるが、ディストリビューションとして提供されているものの中には一部有償のものがある。

代表的なLinuxディストリビューションは、企業向けの「Red Hat」、個人向けの「Ubuntu」がある。

Linuxはパソコン向けのOSとして有名になったが、非常に軽く安定して動作するため、ハードウェアに対する要求も低く、また必要な機能を選択して再構築できることから、デスクトップに限らず、サーバやメインフレームなどで広く利用され、組込みシステムとして電化製品や携帯電話でも利用されている。

AppleのiOS、GoogleのAndroidに対抗する第三のモバイルOSとして、MozillaのFirefox OSとならび、LinuxベースのTizen（タイゼン）が注目を集めている。"
191,0192,MDM,えむでぃえむ,Mobile Device Management,"モバイル端末管理の略記。
スマートフォンやタブレットなどの携帯端末を業務で利用する際に一元的に管理するための仕組み。

MDMツールが提供する管理機能は、以下のようなものがある。
　・端末紛失時のリモート制御（ロック、データ削除など）
　・セキュリティポリシーやアプリケーションの配布、管理
　・アプリケーションや機能の利用制限と監視

上記に加えて、BYODでの利用の場合、個人データと業務データを分離したり、使用可能なアプリケーションを切り替える機能などが提供される場合もある。

▼こちらで詳しく解説！
参考記事：MDMとは？目的や仕組み、選び方のポイントをわかりやすく解説！"
192,0193,MySQL,まいえすきゅーえ,ySQL,"Oracle社が提供しているオープンソースのデータベースシステムの一つ。

世界でもっとも使用されているリレーショナルデータベースマネジメントシステムであり、日本でも6割を超えるシェアを獲得している。主にレンタルサーバーのデータベースで使用されており、GoogleやYahooといった代表的な検索エンジンサイトでも使用されている。

Microsoft社のAccessと同じデータベースソフトではあるが、MySQLはphpとの相性が良く、大容量かつ高速で動作するため、使いやすいという点が大きな特徴である。しかし使いやすさを全面に打ち出しているため、機能的に不足しているという面では弱点である。"
193,0194,NAS,なす,Network Attached Storage ,ＮＡＳとは、ネットワークを使うストレージのこと。ＮＡＳを導入することにより各々のＰＣデータを一括で管理することが可能。そのためメリットとしては運用管理の容易化、接続性のリスト回避、コスト削減等が挙げられる。専門知識のない人にも簡単に操作できるため、多くの企業で使用されている。 
194,0195,NGN,えぬじーえぬ,Next Generation Network ,NGNとは、IPを基盤とした次世代のネットワークのこと。NGNでは、従来の電話網が持つクリアな通話など安定した品質を保つとともに高度なセキュリティも確保できるため、IP電話やデータ通信、テレビ会議、ストリーミングなどた多様なサービスを利用することができる。電話網の次を担うユビキタス社会を目指すネットワークとなる可能性が高い。
195,0196,OCR,おーしーあーる,Optical Character Reader,OCRとは、手書きの文字や印刷された文字を読み取り、データと照らし合わせ文字を判断し、電子テキスト化する装置のこと。画像をスキャナで読み取り、文字を識別して文書にするソフトもある。 
196,0197,OpenFlow,おーぷんふろー,OpenFlow,"「ネットワーク仮想化」を実現するため、ネットワークを<ソフトウェアで制御するための技術。

OpenFlowスイッチングコンソーシアムで提唱され、グーグル、マイクロソフト、ヤフー、フェイスブックなどが参加する業界団体「Open Networking Foundation」で仕様策定が行われている。IBM、NEC、HP、Cisco Systems、VMware、NTTなども加わり、プロトコルなどの規格を更新している。

ソフトウェアによって、ルータやスイッチ、ファイアウォール、ロードバランサなどのネットワーク機器を仮想的に構築できる。

データセンターなど、クラウド環境で、他の「仮想化技術」と同時に利用されることで、リソースを効率的に柔軟に利用することが可能となる。

また、そのような規模が大きく複雑になったネットワークの運用管理の負担も物理的なネットワークの手作業から開放され、大幅な負担軽減ができるメリットもある。"
197,0198,PaaS,ぱーす,Platform as a Service,"アプリケーションを稼働させるために必要なハードウェア、開発環境、ミドルウェア、OS、データベースなどの基盤（プラットフォーム）を提供するクラウドサービスのこと。

アプリケーション開発環境やECサイト構築など、IaaSと比較して用途が限定される分、決済システムなどのサブシステムも提供される場合もある。

企業が自社で必要なITリソースを用意する場合と比較して、開発期間の必要な期間だけ利用したり、利用状況の増減に合わせて、手軽にITリソースを調達できることがメリットとなり、利用状況に応じた従量課金サービスとなっている。"
198,0199,PBX,ぴーびーえっくす,Private Branch eXchange,"企業で複数の電話機を設置する際に、施設内に設置される電話交換機のこと。
構内交換機、回線切替機、内線集約装置などとも呼ばれる。

内線電話同士の接続、外線から内線にかかってきた電話の接続などをおこなう。


TCP/IP通信を利用して通話を行うVoIPに対応したものをIP-PBXと呼ぶ。現在はこれまでのアナログ回線に加えてIP-PBXに対応している製品が増えている。"
199,0200,PDA,ぴーでぃえー,Personal Digital Assistant ,PDAとは、Personal Digital Assistantの略で、個人向けの情報端末の事。スケジュールや連絡先、タスク管理等、手帳代わりになる機能を持つ端末。大きさは、手のひらに収まる程度のものが多い。 
200,0201,PDM,ぴーでぃえむ,Product Data Management ,PDMとは、製品の開発プロセスにおける全ての情報を一元管理するシステム。データの共有により製造の効率化・コスト削減が可能になる。 
201,0202,PKI,ぴーけーあい,Public Key Infrastructure ,PKIとは、公開鍵暗号を正しく発行し配布するシステム。証明局発行の鍵が含まれた証明書をリボジトリで集中管理・配布する。公開鍵暗号はネット上で交換したいデータを暗号化し、管理者と公開鍵暗号を持つ管理者が特定した相手のみが情報を共有できるシステムであり、PKIが提供する「証明書」は、本人確認と通信の暗号化という２つの機能を担っている。 
202,0203,POSシステム,ぽすしすてむ,Point of Sales System ,"『Pos』とは『Point of sales』の頭文字で、販売時点情報管理と訳される。

本来はレジ係のミス、不正防止目的のために70年代のアメリカで発展したが、現在ではスーパー、コンビニなどで在庫管理や、それに伴ってマーケティングツールとして用いられている。

Posシステムを導入すると、「いつ、どの店舗で、どの商品が、いくらで、どれだけ売れたか」という商品販売実績の詳細なデータが把握できるようになり、販売実績の動向が可視化できることが最大のメリットである。

またそれらの情報を材料に、例えば天候による販売数の上下や地域間の嗜好の差などを判別させるマーケティングツールとしても多く利用されている。
"
203,0204,RDB,あーるでーびー,Relational Database,"Relational Database（リレーショナルデータベース）の略語。
関係データベースと訳され、データを複数の表として管理し、表と表の関係を定義することで、複雑なデータの関連性を扱えるようにしたデータベース管理方式。

データを表形式で表示することが特徴となっている。
　表の行（横）を「レコード」という。
　表の列（縦）を「フィールド」という。
　表を「テーブル」という。
1件のデータが「レコード」に該当し、レコードは「フィールド」で構成される。
複数のレコードの集合が「テーブル」となる。
複数のテーブルが関連付けされながら管理されるデータ構造となる。

現在、中小規模のデータベースシステムの主流となり、代表的な製品は以下の通り。
Oracle DB、MS Access、MS SQL Server、DB2、MySQL、PostgreSQL

参考：データベースソフトとは？メリットや選び方、人気製品を比較"
204,0205,RFID,あーるえふあいでぃ,Radio Frequency Identification System ,"RFIDとは、電波によって直接接触する事無く、物の判別・管理をする仕組み。データの記憶、読み取り、交信が可能で、極小さなタグを取り付けて利用することができる。バーコードに変わるものとして生産・在庫・物流管理で使用が広がっており、セキュリティーや交通、レジャー施設など、活用シーンが拡大してきている。

物流管理の分野では、倉庫管理システムや在庫管理システムなどに応用され、広く普及している。在庫を最適化するため、在庫の見える化などでRFID技術が活用されている。

また、よく知られている応用例として、JR東日本のSuicaや私鉄のPASMOがある。RFIDを非接触ICカードに応用したもので、フェリカ（FeliCa）という技術仕様として、国内では広く普及している。改札機にカードをかざすだけで情報を読み取ってくれる。乗車券や定期券だけではなく、すでに電子マネー（Edy、WAON、nanaco）やポイントカード、搭乗券、社員証（入退室管理）などに適用されている。携帯電話やスマートフォンなどにも搭載され、今後さらに社会システムの効率化、自動化に向けて幅広い適用が期待される技術。"
205,0206,root権限,るーとけんげん,Root Privileges,"システム管理者用のアカウントに付与されるほぼすべての操作が可能な権限のこと。
アクセス権の設定に関わらず、すべてのファイルにアクセス可能で、すべてのアカウントのパスワード変更なども可能な強力な権限。

rootユーザは一般的にUNIX系OSの管理者アカウントを差し、Windows系OSのAdministratorに当たる。

近年では、強力なroot権限を持つ管理者アカウントを「特権ID」と称して、root権限が不正に利用されることを防止する「特権ID管理」システムが提供されるようになった。"
206,0207,SaaS,さーす,さーず ,"複数の機能を持ったソフトウェアから、ユーザーが必要な機能を選んで利用するソフトウェアの提供形態、または、ソフトウェア提供サービスのこと。関連用語：ASP

ソフトウェアのプログラムを収めたパッケージや利用ライセンスを購入するのではなく、利用期間や利用人数に応じた料金を支払う。したがって、ソフトウェアをユーザのPCにはインストールせず、サービス提供事業者（プロバイダ）側のシステム（サーバ）で稼働しているソフトウェア機能をインターネットを通じて、ブラウザ上で利用するタイプのサービスが主流。機能ごとのプログラムをダウンロードして利用するタイプもある。

SaaS専業ベンダのセールスフォース・ドットコム社が提供するCRMやSFAなどが、代表的なサービス。

関連用語である「ASP」とは、本来は意味の違う用語。正しくは「ASP」は、ネットワーク経由でソフトウェアをサービスとして提供する事業者（プロバイダ）を指す。
ユーザ側では多くの場合、区分されず同じ意味として認識されているが、提供事業者側では立場によって使い分けられている。

ことばが普及した時期は「ASP」が早く、その時期に技術ではなく環境的に難しかった「カスタマイズ性」などが「ASP」と「SaaS」の違いのように説明されることがあるが、提供事業者を指す「ASP」に技術的な定義はない。近年では、さらに新しい用語「クラウドサービス」「クラウドコンピューティング」などで総称されることもある。"
207,0208,SBC,えすびーしー,Server Based Computing ,SBCとは、クライアントのアプリケーションを管理サーバーに集中させ、システム管理者が一括して管理を行う仕組みのこと。 SBCによってアプリケーションのインストールやバージョンの管理等の管理工数が削減される。 
208,0209,SDN,えすでぃえぬ,Software Defined Network,"ネットワークをソフトウェアによって、定義、制御、構築すること。
「SDN」自体は、具体的な技術ではなく、考え方やコンセプトである。

具体的な技術として、「VPN」 「VLAN」 「VXLAN」などがある。
また、「ネットワーク仮想化」を実現するための「OpenFlow」という技術がある。"
209,0210,SFA,えすえふえー,Sales Force Automation,"SFAとは、営業のプロセスや進捗状況を管理し、営業活動を効率化するためのシステムである。
Sales Force Automation（セールスフォースオートメーション）の略。

情報共有や分析を行うことで、これまで営業マンが個人個人で行ってきた活動から組織的な活動が可能となった。

SFAは、営業活動のプロセスを可視化する・営業マンの行動を管理するという主に2つの目的で利用される。
これまで受注数といった社内で定められた数字でしか評価出来なかったものが、商談内容や進捗など、営業活動をプロセスから管理・指導できるようになった。


▼こちらで詳しく解説！
参考記事：SFAとは？機能・選び方・製品12選を一挙ご紹介！！


"
210,0211,SMS,えすえむえす,Short Message Service,"SMSとはShort Message Serviceの略で、主に携帯電話でやりとりされる短いメッセージサービスのことを指す。テキストメッセージと呼ばれる場合もある。

宛先はメールアドレスではなく電話番号を利用する。
日本では2011年頃までは携帯電話キャリアごとに独自の仕様が採用されていたため、同じキャリア同士でのやりとりのみであったが、現在ではキャリアを超えたメッセージのやりとりができるようになっている。

メルマガの配信方法として、パソコンから携帯電話に一斉にメッセージを送信できるSMS送信サービスも広がっている。
"
211,0212,SNS,えすえぬえす,Social Networking Service,"SNSとは、ネットワークを通じて人と人のコミュニケーションを促進するWebサイトサービス。
紹介制度や匿名排除制度をとっているので、友人やその友人・知人など、次々と繋がりが広がっていく。

より安心・信頼しながら多くの人と知り合え、日記、カレンダー、メッセージ送受信、掲示板など様々な機能が利用できる。日本ではｍixiの出現で社会現象にまで発展した注目のコミュニケーションツール。

ビジネスの関係性に絞ったLinkedInや、世界最大SNSと言われているFacebookが有名である。"
212,0213,SOA,えすおーえー,Service Oriented Architecture,SOAとは、サービス指向アーキテクチャの意。企業に導入されている様々なアプリケーションまたその機能の一部を一つのサービスとしてコンポーネント化し、そういった部分部分を必要に応じて一つのサービスとして組み合わせることで新たなシステムとして使う、といった設計の手法である。
213,0214,SSD,えすえすでぃ,Solid State Drive,SSDとは、高速ストレージの事。高速のストレージといえばHDDがあるが、SSDはHDDのようにディスクを持たない。そのため、データの読み書きの際に読み取り装置をディスク上で移動させる時間や、ディスク上の目的のデータがヘッド位置まで回転してくる時間が存在しないので、HDDと比較しても更に高速のストレージとなっている。 
214,0215,SSL,えすえすえる,Secure Socket Layer ,"SSLとは、米ネットスケープ・コミュニケーションズ社が開発したセキュリティ機能付きのプロトコル（規約）。情報を暗号化して安全に送受信できる。SSLを導入することで、ネット上でクレジットカードや機密情報のやりとりも可能になり、情報の保守だけでなく、そのサイトを運営する企業の存在証明にもなる。 

SSLは暗号化によって、通信途中でデータを盗み見たり、盗み取られても、判読できないようになるため、拠点間のネットワークであるVPNやメール添付では不便な大容量のファイル転送などに応用されています。"
215,0216,SSO,しんぐるさいんおん,Single Sign-On ,SSOとは、サーバやアプリケーション、ネットワークに接続する際のサインオンを一度の手続きで行うこと。ユーザーは何度もパスワード認証をする手間が省けるメリットがある。最近は、個人情報保護法の観点から、セキュリティ対策で注目されている。シングルサインオンの種類は大きく分けて2種類あり、リバースプロキシ型とエージェント型である。
216,0217,TCO,てぃしーおー,Total Cost of Ownership,TCOとは、コンピュータの導入や、管理維持に関わるすべてのコストの総額をさす。以前は、コンピュータの初期導入費用が評価をされていたが、現在は、複雑化したこともあり、維持や管理にかかる費用も含めたTCOが重要視されている。
217,0218,タブレット,たぶれっと,tablet,"タブレットとは、板状のコンピューター端末・ハードウェアのことである。スマートデバイスの一種。

タブレット(tablet)という単語は、もともとは文字などを記した石版などの板を表す言葉であるが、最近では単に「タブレット」というだけで板状のコンピューターを表す事が多い。

タブレットコンピューター自体は1990年代からすでに存在したが、当時の普及率は高くはなかった。

一般に広く普及したのは、2000年代後半に爆発的に普及したスマートフォンに継いでアップル社が発売したiPadによる功績が大きい。

2016年現在は個人・企業を問わず広く用いられ、持ち歩いて出掛け先で利用されたり、簡易的な設置型端末として利用されたりしている。

iOSを搭載したiPadに限らず様々な種類の端末があり、搭載されているOSもandroidやWindowsなどがある。"
218,0219,UNIX,ゆにっくす,UNIX,"マルチタスク、マルチユーザを実現したオペレーティングシステム（OS）の1種。
UNIXをベースにした多くの派生OS含む総称として使われることもある。

非常に安定したOSであることから、多くの大規模なシステムで採用されており、現在稼働
しているWebサーバのほとんどがUNIX系といわれる。

オリジナルのUNIXを開発したベル研究所が所属するAT&Tが独占禁止法によりUNIXの販売を禁止されていため、ソースコードはほぼ無償で提供され、オープンソースに等しくなった。

また、ハードウェアに依存せずコンパクトであったため、多くシステムに移植され、UNIXの商標を使える公式認証されたOSから、UNIX風の互換OSまで、多くの派生OSを生んだ。

代表的なUNIX系OS
・Solaris、SunOS（SunMicrosystems）
・BSD、FreeBSD（カリフォルニア大学バークレー校）
・RedHat、Turbo Linux（Linux系）
・Mac OS X（Apple）"
219,0220,UTM（統合脅威管理）,ゆーてぃーえむ,Unified Threat Management,"UTM（統合脅威管理）は、ファイアウォールやVPN、アンチウイルス、Webフィルタリングなどの複数のセキュリティ機能をまとめて管理することです。

1台に複数のセキュリティ機能を持たせることで設定や管理の手間を省き、効率的な運用ができるようになります。"
220,0221,VoIP,ぶいおーあいぴー,ボイップ ,VoIPとは、IPネットワーク上で音声を送受信する通信技術の総称。VoIPを使用することで、パケットと音声データを分割してIPネットワーク上で送受信するので、通話料金を格安にすることが可能になる。社内LANを使用した内線電話や、インターネット電話などに応用されている。VoIPを実装したものに、サーバーやルーターなどの機器類などがあり、これらのVoIP技術はコールセンター事業やテレマーケティング会社のIP化促進の方法とも考えられる。
221,0222,VPN,ぶいぴーえぬ,Virtual Private Network,"VPNとはvirtual private networkの略称である。
専用回線を意味するprivate networkに仮想を意味するvirtualが付くことで「本来は違うが、まるで専用回線のように使えるネットワーク」を意味している。

以前は、全国各地に拠点がある企業において、それぞれの拠点を内線で通話できるようにすることに多く使われていた。
内線といっても地域が離れていると公衆回線を使わざるを得ないが、それをあたかも専用回線を使っているようにするのがVPNである。

最近では、インターネットを利用する「インターネットVPN」の方が安価で実現できるため、導入が増えてきている。
"
222,0223,VPS,ぶいぴーえす,Virtual Private Server,"物理的なサーバを提供する「レンタルサーバ」や「ホスティング」に対して、仮想サーバを提供する「仮想専用サーバサービス」のこと。

複数のユーザ（契約者）で利用する共用サーバである点は「ホスティング」と同様であるが、仮想化技術により専用サーバ用に独立した環境とroot権限が提供される点が異なる。

物理的な専用サーバを提供するサービスと比較して、提供される機能は同等ながら共用サーバ並の低価格で提供される点がメリットとなる。

一般的に大規模システム向けの「IaaS」に対して、従来の「レンタルサーバ」の仮想サーバ版の位置付けとなり、小規模システム向けとして区分されることが多い。"
223,0224,WAF,わふ,Web Application Firewall,"Webアプリケーションファイアウォール。
Webアプリケーションの脆弱性に対する攻撃を防御するための仕組み。

一般的な「ファイアウォール」では…
外部ネットワークからの不正なアクセスをネットワークレベルで遮断する。

「WAF」では…
外部ネットワークからのアクセスが前提となるWebアプリケーションの場合、アプリケーションレベルで、攻撃に特有のパターンを検知して要求を拒否する。

「WAF」を設置する位置は、Webサーバにインストールする場合とWebサーバとユーザの間のネットワーク上に設置される場合がある。

提供形態は、ソフトウェア製品、ハードウェア製品のアプライアンス、また、ネットワーク上のASPサービスとして提供される場合がある。"
224,0225,WAN,わん,Wide Area Network,"広義では、インターネットを含む広域通信網のこと。
狭義の企業におけるネットワーク環境を指す場合は、拠点間のLANを接続した広域プライベートネットワークのこと。

接続する回線の種類が光回線、電話回線、同軸ケーブルに分類される。
また、回線を専用線とするか、インターネット回線とするかなど、接続方式による分類がある。

専用型：専用線
交換型：ISDN・IP-VPN・広域イーサネットなど

拠点間の通信速度を向上させるWAN高速化などの製品、サービスもある。"
225,0226,WebRTC,うぇぶあーるてぃーしー,Web Real-Time Communication,"WebRTCとは、Webブラウザーなどを介して高速なデータ通信を実現する規格のこと。HTMLのAPIの１つ。特に映像や音声などの容量が大きいデータをリアルタイムに送受信できること、P2P（ピアツーピア）の仕組みを持っていることから、ビデオチャットやWeb会議などに応用されています。これらの製品やサービスにおいては、映像や音声の品質が改善されることがユーザーへの提供価値を向上させることにつながるので、今後WebRTC方式のビデオチャットやWeb会議システムが増えると考えられます。

2015年の時点では「Chrome」や「Firefox」など、対応するWebブラウザは限定されているようですが、アプリケーションに直接組み込むことも可能です。スマートフォンなどでもWebRTCを組み込んだアプリがたくさん登場するでしょう。

WebRTCの特徴である映像や音声のデータをリアルタイムでやり取りする規格は以前から存在しており、IP電話として知られる「Skype」などで使われています。最近では若い世代での利用率の高い「LINE」のビデオ通話も同様の規格といえます。では何が違うのかといえば、WebRTCは、オープン規格であるという点です。SkypeもLINEもクローズド規格なので、開発企業が独占することになりますが、WebRTCは、WindowsやMac、iOS、Androidなどがサポートすることを発表しているため、多くのソフトウェアで採用されるようになるはずです。"
226,0227,Webメール,うぇぶめーる,Web Mail ,"Webメールとは、Web上にメールを保存し、ユーザーが其々のID・PASSによるアカウントをもってログインすることで、メールの閲覧や送受信ができるサービスのこと。
インターネットに接続できる環境さえあれば、場所、時間、端末に限らずアクセスできる。

そのため、複数の端末から同じメールを確認することが可能である。

複数の端末で同じメールを確認する方法としてIMAP方式があるが、これとWebメールとの最大の違いは、以下の2点である。

・Webメールはメールを端末にダウンロードしない為、端末の容量を圧迫しない
・Webメールはどの端末から送信したメールも、全て表示される

ただし、Webメールの場合データがローカル保存されていないため、サーバダウンなどによって、メールの閲覧や送受信ができないなど、直接的に影響を受けてしまうことがデメリットとして挙げられる。
"
227,0228,Web会議,うぇぶかいぎ,Web Coference,"Web会議とは、離れた場所にいる相手とWebを介してリアルタイムで会議ができるツール。音声や映像だけでなく、データやアプリケーションの共有、文字のコミュニケーションが可能。Web会議は、情報共有のスピードを飛躍的に向上し、移動時間等のコスト削減にもつながります。また、会議としてだけでなく、海外など遠隔地や多地点でのWeb会議も可能。会議参加の人数制限が無いため研修、教育にも導入できる。

Web会議システムについてもっと知るならこの記事！
Web会議システム21選比較！選び方・メリット・テレビ会議との違いも

無料のWeb会議システムを探すならこの記事！
無料で使えるWeb会議システム12製品を徹底比較！利用の注意点も解説"
228,0229,WordPress,わーどぷれ,ordPress,"オープンソース(誰でも使うことができる)で提供しているCMSの一種。

トップページ・カテゴリーページ・記事ページといった基本的なブログのサイト構造を初めから持っているため、Web制作の知識がなくてもブログサイトを簡単につくることができる。

近年ではそのサイト更新のしやすさやWebサイトに機能をもたせるプラグインの豊富さから、企業のホームページをWordPressで制作するケースも増えているが、企業ホームページ等、デザインをある程度制作するためにはPHPやHTML等の知識が必要である点は注意が必要。

オープンソースであるため、ヘルプセンター等問い合わせできるところを持たないことや、ドメインやサーバーは自分で用意する必要があることから、CMSソフトを有料で導入する企業もある。"
